date,cny_per_usd,chg_30d_pct,ref_date_30d,chg_60d_pct,ref_date_60d,chg_90d_pct,ref_date_90d
2023-09-06,7.316,1.75951,2023-08-07,1.322623,2023-07-07,2.884304,2023-06-08
2023-09-07,7.3287,1.561807,2023-08-08,1.498511,2023-07-07,2.825754,2023-06-09
2023-09-08,7.343,1.865853,2023-08-09,1.541865,2023-07-10,3.026391,2023-06-09
2023-09-11,7.2882,0.71165,2023-08-11,1.932867,2023-07-13,1.811832,2023-06-13
2023-09-12,7.2911,0.751724,2023-08-11,2.111956,2023-07-14,2.001959,2023-06-14
2023-09-13,7.27,0.158435,2023-08-14,1.81645,2023-07-14,1.963534,2023-06-15
2023-09-14,7.277,-0.064545,2023-08-15,1.914485,2023-07-14,2.133333,2023-06-16
2023-09-15,7.2744,-0.330205,2023-08-16,1.440504,2023-07-17,2.096842,2023-06-16
2023-09-18,7.2915,0.157967,2023-08-18,1.608116,2023-07-20,1.537369,2023-06-20
2023-09-19,7.2964,0.225275,2023-08-18,1.534908,2023-07-21,1.650901,2023-06-21
2023-09-20,7.287,0.006862,2023-08-21,1.4041,2023-07-21,1.522772,2023-06-22
2023-09-21,7.3066,0.18648,2023-08-22,1.676848,2023-07-21,1.79584,2023-06-23
2023-09-22,7.298,0.287202,2023-08-23,1.565653,2023-07-24,1.676024,2023-06-23
2023-09-25,7.311,0.301825,2023-08-25,1.923881,2023-07-27,1.270206,2023-06-27
2023-09-26,7.31,0.288105,2023-08-25,2.254924,2023-07-28,0.916671,2023-06-28
2023-09-27,7.3105,0.281207,2023-08-28,2.261918,2023-07-28,0.813625,2023-06-29
2023-09-28,7.301,0.293972,2023-08-29,2.129029,2023-07-28,0.685394,2023-06-30
2023-09-29,7.296,0.16612,2023-08-30,2.147677,2023-07-31,0.616441,2023-06-30
2023-10-02,7.296,0.487563,2023-09-01,1.826911,2023-08-03,0.773481,2023-07-03
2023-10-03,7.296,0.487563,2023-09-01,1.744551,2023-08-04,0.683088,2023-07-05
2023-10-04,7.296,0.487563,2023-09-01,1.744551,2023-08-04,0.634483,2023-07-06
2023-10-05,7.296,-0.079432,2023-09-05,1.744551,2023-08-04,1.045634,2023-07-07
2023-10-06,7.296,-0.273373,2023-09-06,1.481327,2023-08-07,1.045634,2023-07-07
2023-10-10,7.2948,-0.656407,2023-09-08,0.802852,2023-08-11,1.803059,2023-07-12
2023-10-11,7.2992,0.150929,2023-09-11,0.863653,2023-08-11,2.086713,2023-07-13
2023-10-12,7.3019,0.148126,2023-09-12,0.900963,2023-08-11,2.26321,2023-07-14
2023-10-13,7.3049,0.480055,2023-09-13,0.639251,2023-08-14,2.305225,2023-07-14
2023-10-16,7.3105,0.496261,2023-09-15,0.267453,2023-08-17,1.837406,2023-07-18
2023-10-17,7.3105,0.496261,2023-09-15,0.418956,2023-08-18,1.169388,2023-07-19
2023-10-18,7.3161,0.337379,2023-09-18,0.495879,2023-08-18,1.95092,2023-07-20
2023-10-19,7.3126,0.222027,2023-09-19,0.447802,2023-08-18,1.760343,2023-07-21
2023-10-20,7.3155,0.391107,2023-09-20,0.397996,2023-08-21,1.800699,2023-07-21
2023-10-23,7.3158,0.243902,2023-09-22,0.511087,2023-08-24,2.54836,2023-07-25
2023-10-24,7.309,0.150726,2023-09-22,0.274386,2023-08-25,2.219487,2023-07-26
2023-10-25,7.3165,0.075229,2023-09-25,0.377281,2023-08-25,2.000558,2023-07-27
2023-10-26,7.315,0.068399,2023-09-26,0.356702,2023-08-25,2.324866,2023-07-28
2023-10-27,7.3171,0.090281,2023-09-27,0.371742,2023-08-28,2.354241,2023-07-28
2023-10-30,7.3133,0.237116,2023-09-29,0.759141,2023-08-31,1.892024,2023-08-01
2023-10-31,7.3166,0.282346,2023-09-29,0.771286,2023-09-01,1.732481,2023-08-02
2023-11-01,7.3175,0.294682,2023-10-02,0.783682,2023-09-01,2.126977,2023-08-03
2023-11-02,7.316,0.274123,2023-10-03,0.763022,2023-09-01,2.023456,2023-08-04
2023-11-03,7.3005,0.061678,2023-10-04,0.549541,2023-09-01,1.807305,2023-08-04
2023-11-06,7.2695,-0.363213,2023-10-06,-0.807783,2023-09-07,0.741408,2023-08-08
2023-11-07,7.2788,-0.235746,2023-10-06,-0.874302,2023-09-08,0.975238,2023-08-09
2023-11-08,7.28,-0.219298,2023-10-06,-0.85796,2023-09-08,0.879928,2023-08-10
2023-11-09,7.2835,-0.154905,2023-10-10,-0.810296,2023-09-08,0.646704,2023-08-11
2023-11-13,7.289,-0.217662,2023-10-13,0.164903,2023-09-14,0.100251,2023-08-15
2023-11-14,7.253,-0.710482,2023-10-13,-0.294182,2023-09-15,-0.623416,2023-08-16
2023-11-15,7.2466,-0.874085,2023-10-16,-0.382162,2023-09-15,-0.60897,2023-08-17
2023-11-16,7.2416,-0.94248,2023-10-17,-0.450896,2023-09-15,-0.527473,2023-08-18
2023-11-17,7.212,-1.422889,2023-10-18,-1.090311,2023-09-18,-0.934066,2023-08-18
2023-11-20,7.168,-2.016267,2023-10-20,-1.896915,2023-09-21,-1.713972,2023-08-22
2023-11-21,7.1352,-2.46463,2023-10-20,-2.230748,2023-09-22,-1.949953,2023-08-23
2023-11-22,7.155,-2.197982,2023-10-23,-1.959441,2023-09-22,-1.698129,2023-08-24
2023-11-24,7.1488,-2.29208,2023-10-25,-2.218575,2023-09-25,-1.923446,2023-08-25
2023-11-27,7.1528,-2.245425,2023-10-27,-2.029859,2023-09-28,-1.741854,2023-08-29
2023-11-28,7.138,-2.447691,2023-10-27,-2.16557,2023-09-29,-2.003048,2023-08-30
2023-11-29,7.13,-2.506392,2023-10-30,-2.275219,2023-09-29,-1.766278,2023-08-31
2023-11-30,7.136,-2.46836,2023-10-31,-2.192982,2023-09-29,-1.716112,2023-09-01
2023-12-01,7.1386,-2.444824,2023-11-01,-2.157346,2023-10-02,-1.680302,2023-09-01
2023-12-04,7.1424,-2.165605,2023-11-03,-2.105263,2023-10-05,-2.183023,2023-09-05
2023-12-05,7.1444,-2.13821,2023-11-03,-2.077851,2023-10-06,-2.345544,2023-09-06
2023-12-06,7.158,-1.533806,2023-11-06,-1.891447,2023-10-06,-2.329199,2023-09-07
2023-12-07,7.1515,-1.748915,2023-11-07,-1.980537,2023-10-06,-2.607926,2023-09-08
2023-12-08,7.1645,-1.586538,2023-11-08,-1.802357,2023-10-06,-2.430887,2023-09-08
2023-12-11,7.1765,-1.469074,2023-11-09,-1.717361,2023-10-12,-1.571779,2023-09-12
2023-12-12,7.1755,-1.482804,2023-11-09,-1.771414,2023-10-13,-1.299862,2023-09-13
2023-12-13,7.1725,-1.598299,2023-11-13,-1.812482,2023-10-13,-1.436031,2023-09-14
2023-12-14,7.1088,-1.988143,2023-11-14,-2.684499,2023-10-13,-2.276476,2023-09-15
2023-12-15,7.1179,-1.776005,2023-11-15,-2.634567,2023-10-16,-2.15138,2023-09-15
2023-12-18,7.1297,-1.141154,2023-11-17,-2.501162,2023-10-19,-2.284688,2023-09-19
2023-12-19,7.1287,-1.155019,2023-11-17,-2.553482,2023-10-20,-2.172362,2023-09-20
2023-12-20,7.1355,-0.453404,2023-11-20,-2.460529,2023-10-20,-2.341718,2023-09-21
2023-12-21,7.1381,0.040644,2023-11-21,-2.424988,2023-10-20,-2.191011,2023-09-22
2023-12-22,7.1315,-0.328442,2023-11-22,-2.519205,2023-10-23,-2.281447,2023-09-22
2023-12-26,7.1432,-0.078335,2023-11-24,-2.376625,2023-10-27,-2.288489,2023-09-27
2023-12-27,7.1405,-0.171961,2023-11-27,-2.413524,2023-10-27,-2.198329,2023-09-28
2023-12-28,7.1065,-0.4413,2023-11-28,-2.878189,2023-10-27,-2.597314,2023-09-29
2023-12-29,7.0999,-0.42216,2023-11-29,-2.917971,2023-10-30,-2.687774,2023-09-29
2024-01-02,7.1426,0.056033,2023-12-01,-2.162866,2023-11-03,-2.102522,2023-10-04
2024-01-03,7.1497,0.102207,2023-12-04,-2.065612,2023-11-03,-2.005208,2023-10-05
2024-01-04,7.1589,0.202956,2023-12-05,-1.939593,2023-11-03,-1.879112,2023-10-06
2024-01-05,7.145,-0.181615,2023-12-06,-1.712635,2023-11-06,-2.069627,2023-10-06
2024-01-08,7.154,-0.146556,2023-12-08,-1.777991,2023-11-09,-1.930142,2023-10-10
2024-01-09,7.1675,0.041873,2023-12-08,-1.592641,2023-11-09,-1.804307,2023-10-11
2024-01-10,7.1711,-0.075246,2023-12-11,-1.543214,2023-11-09,-1.791315,2023-10-12
2024-01-11,7.167,-0.118459,2023-12-12,-1.599506,2023-11-09,-1.887774,2023-10-13
2024-01-12,7.1665,-0.083653,2023-12-13,-1.680615,2023-11-13,-1.894619,2023-10-13
2024-01-16,7.1874,0.976412,2023-12-15,-0.341098,2023-11-17,-1.759134,2023-10-18
2024-01-17,7.196,0.929913,2023-12-18,-0.221852,2023-11-17,-1.594508,2023-10-19
2024-01-18,7.1961,0.945474,2023-12-19,-0.220466,2023-11-17,-1.632151,2023-10-20
2024-01-19,7.1931,0.807231,2023-12-20,0.350167,2023-11-20,-1.67316,2023-10-20
2024-01-22,7.192,0.848349,2023-12-22,0.517121,2023-11-22,-1.600766,2023-10-24
2024-01-23,7.172,0.567903,2023-12-22,0.32453,2023-11-24,-1.974988,2023-10-25
2024-01-24,7.158,0.371591,2023-12-22,0.128693,2023-11-24,-2.146275,2023-10-26
2024-01-25,7.169,0.361183,2023-12-26,0.282565,2023-11-24,-2.024026,2023-10-27
2024-01-26,7.1763,0.501365,2023-12-27,0.328543,2023-11-27,-1.92426,2023-10-27
2024-01-29,7.1798,1.125368,2023-12-29,0.613789,2023-11-30,-1.869721,2023-10-31
2024-01-30,7.1755,1.064804,2023-12-29,0.516908,2023-12-01,-1.940553,2023-11-01
2024-01-31,7.1673,0.949309,2023-12-29,0.40204,2023-12-01,-2.032531,2023-11-02
2024-02-01,7.1799,0.522219,2024-01-02,0.578545,2023-12-01,-1.651942,2023-11-03
2024-02-02,7.192,0.591633,2024-01-03,0.694444,2023-12-04,-1.4862,2023-11-03
2024-02-05,7.1982,0.744577,2024-01-05,0.65301,2023-12-07,-1.107325,2023-11-07
2024-02-06,7.1908,0.641008,2024-01-05,0.367088,2023-12-08,-1.225275,2023-11-08
2024-02-07,7.1943,0.563321,2024-01-08,0.41594,2023-12-08,-1.224686,2023-11-09
2024-02-08,7.1965,0.404604,2024-01-09,0.446647,2023-12-08,-1.194481,2023-11-09
2024-02-09,7.1929,0.303998,2024-01-10,0.228524,2023-12-11,-1.243907,2023-11-09
2024-02-12,7.1928,0.366985,2024-01-12,1.181634,2023-12-14,-0.830001,2023-11-14
2024-02-13,7.1928,0.366985,2024-01-12,1.052277,2023-12-15,-0.742417,2023-11-15
2024-02-14,7.1928,0.366985,2024-01-12,1.052277,2023-12-15,-0.673884,2023-11-16
2024-02-15,7.1928,0.075131,2024-01-16,1.052277,2023-12-15,-0.266223,2023-11-17
2024-02-16,7.1928,-0.044469,2024-01-17,0.88503,2023-12-18,-0.266223,2023-11-17
2024-02-20,7.1905,-0.036146,2024-01-19,0.827315,2023-12-22,0.496157,2023-11-22
2024-02-21,7.1891,-0.040323,2024-01-22,0.807684,2023-12-22,0.47659,2023-11-22
2024-02-22,7.1944,0.312326,2024-01-23,0.882002,2023-12-22,0.637869,2023-11-24
2024-02-23,7.197,0.544845,2024-01-24,0.91846,2023-12-22,0.674239,2023-11-24
2024-02-26,7.1972,0.291236,2024-01-26,1.276296,2023-12-28,0.829364,2023-11-28
2024-02-27,7.1977,0.298204,2024-01-26,1.377484,2023-12-29,0.949509,2023-11-29
2024-02-28,7.1976,0.247918,2024-01-29,1.376076,2023-12-29,0.863229,2023-11-30
2024-02-29,7.1977,0.309386,2024-01-30,1.377484,2023-12-29,0.827893,2023-12-01
2024-03-01,7.196,0.40043,2024-01-31,1.35354,2023-12-29,0.804079,2023-12-01
2024-03-04,7.1987,0.093159,2024-02-02,0.555951,2024-01-04,0.760036,2023-12-05
2024-03-05,7.1965,0.06257,2024-02-02,0.720784,2024-01-05,0.53786,2023-12-06
2024-03-06,7.1977,-0.006946,2024-02-05,0.737579,2024-01-05,0.646018,2023-12-07
2024-03-07,7.1925,0.023641,2024-02-06,0.664801,2024-01-05,0.390816,2023-12-08
2024-03-08,7.1855,-0.122319,2024-02-07,0.440313,2024-01-08,0.293112,2023-12-08
2024-03-11,7.182,-0.151538,2024-02-09,0.209293,2024-01-11,0.090586,2023-12-12
2024-03-12,7.1804,-0.173782,2024-02-09,0.193958,2024-01-12,0.110143,2023-12-13
2024-03-13,7.1875,-0.073685,2024-02-12,0.29303,2024-01-12,1.107079,2023-12-14
2024-03-14,7.1932,0.005561,2024-02-13,0.372567,2024-01-12,1.057896,2023-12-15
2024-03-15,7.1953,0.034757,2024-02-14,0.40187,2024-01-12,1.087399,2023-12-15
2024-03-18,7.1981,0.073685,2024-02-16,0.027793,2024-01-18,0.97353,2023-12-19
2024-03-19,7.1991,0.087588,2024-02-16,0.083413,2024-01-19,0.891318,2023-12-20
2024-03-20,7.1992,0.088978,2024-02-16,0.084803,2024-01-19,0.85597,2023-12-21
2024-03-21,7.1993,0.122384,2024-02-20,0.086194,2024-01-19,0.950712,2023-12-22
2024-03-22,7.2289,0.553616,2024-02-21,0.51307,2024-01-22,1.365772,2023-12-22
2024-03-25,7.2102,0.18341,2024-02-23,0.574697,2024-01-25,0.937955,2023-12-26
2024-03-26,7.2176,0.28623,2024-02-23,0.575505,2024-01-26,1.079756,2023-12-27
2024-03-27,7.227,0.41405,2024-02-26,0.706492,2024-01-26,1.695631,2023-12-28
2024-03-28,7.2262,0.39596,2024-02-27,0.695344,2024-01-26,1.778898,2023-12-29
2024-03-29,7.2203,0.315383,2024-02-28,0.564083,2024-01-29,1.695799,2023-12-29
2024-04-01,7.2308,0.483602,2024-03-01,0.708924,2024-02-01,1.234844,2024-01-02
2024-04-02,7.232,0.500278,2024-03-01,0.556174,2024-02-02,1.151097,2024-01-03
2024-04-03,7.233,0.476475,2024-03-04,0.570078,2024-02-02,1.035075,2024-01-04
2024-04-04,7.2339,0.519697,2024-03-05,0.582592,2024-02-02,1.244227,2024-01-05
2024-04-05,7.2339,0.502938,2024-03-06,0.495957,2024-02-05,1.244227,2024-01-05
2024-04-08,7.2305,0.626261,2024-03-08,0.472452,2024-02-08,0.878968,2024-01-09
2024-04-09,7.2316,0.64157,2024-03-08,0.538031,2024-02-09,0.843664,2024-01-10
2024-04-10,7.2341,0.725425,2024-03-11,0.572787,2024-02-09,0.936236,2024-01-11
2024-04-11,7.2373,0.792435,2024-03-12,0.617275,2024-02-09,0.98793,2024-01-12
2024-04-12,7.2374,0.694261,2024-03-13,0.620065,2024-02-12,0.989325,2024-01-12
2024-04-15,7.2382,0.596223,2024-03-15,0.631187,2024-02-15,0.706792,2024-01-16
2024-04-16,7.2383,0.597612,2024-03-15,0.632577,2024-02-16,0.587827,2024-01-17
2024-04-17,7.2389,0.566816,2024-03-18,0.640919,2024-02-16,0.594767,2024-01-18
2024-04-18,7.2382,0.543123,2024-03-19,0.631187,2024-02-16,0.62699,2024-01-19
2024-04-19,7.2403,0.570897,2024-03-20,0.660383,2024-02-16,0.656184,2024-01-19
2024-04-22,7.2403,0.1577,2024-03-22,0.637996,2024-02-22,0.952315,2024-01-23
2024-04-23,7.2445,0.2158,2024-03-22,0.659997,2024-02-23,1.208438,2024-01-24
2024-04-24,7.246,0.496519,2024-03-25,0.680839,2024-02-23,1.074069,2024-01-25
2024-04-25,7.246,0.393483,2024-03-26,0.680839,2024-02-23,0.971253,2024-01-26
2024-04-26,7.2464,0.268438,2024-03-27,0.683599,2024-02-26,0.976826,2024-01-26
2024-04-29,7.2318,0.159273,2024-03-29,0.473762,2024-02-29,0.784614,2024-01-30
2024-04-30,7.2401,0.274227,2024-03-29,0.61284,2024-03-01,1.015724,2024-01-31
2024-05-01,7.2405,0.134148,2024-04-01,0.618399,2024-03-01,0.844023,2024-02-01
2024-05-02,7.2405,0.117533,2024-04-02,0.618399,2024-03-01,0.67436,2024-02-02
2024-05-03,7.2405,0.103691,2024-04-03,0.58066,2024-03-04,0.67436,2024-02-02
2024-05-06,7.2071,-0.370478,2024-04-05,0.202989,2024-03-07,0.226679,2024-02-06
2024-05-07,7.2185,-0.212887,2024-04-05,0.459258,2024-03-08,0.336377,2024-02-07
2024-05-08,7.2185,-0.165964,2024-04-08,0.459258,2024-03-08,0.305704,2024-02-08
2024-05-09,7.2198,-0.163173,2024-04-09,0.47735,2024-03-08,0.37398,2024-02-09
2024-05-10,7.226,-0.11197,2024-04-10,0.612643,2024-03-11,0.460176,2024-02-09
2024-05-13,7.2325,-0.067704,2024-04-12,0.546349,2024-03-14,0.551941,2024-02-13
2024-05-14,7.2335,-0.053887,2024-04-12,0.530902,2024-03-15,0.565844,2024-02-14
2024-05-15,7.219,-0.265259,2024-04-15,0.329382,2024-03-15,0.364253,2024-02-15
2024-05-16,7.2181,-0.279071,2024-04-16,0.316874,2024-03-15,0.351741,2024-02-16
2024-05-17,7.2233,-0.215502,2024-04-17,0.350092,2024-03-18,0.424035,2024-02-16
2024-05-20,7.2344,-0.081488,2024-04-19,0.487547,2024-03-21,0.610528,2024-02-20
2024-05-21,7.2376,-0.037291,2024-04-19,0.12035,2024-03-22,0.674632,2024-02-21
2024-05-22,7.2405,0.002762,2024-04-22,0.160467,2024-03-22,0.640776,2024-02-22
2024-05-23,7.2421,-0.033129,2024-04-23,0.1826,2024-03-22,0.62665,2024-02-23
2024-05-24,7.2425,-0.048303,2024-04-24,0.447976,2024-03-25,0.632208,2024-02-23
2024-05-28,7.2451,-0.01794,2024-04-26,0.343476,2024-03-29,0.659942,2024-02-28
2024-05-29,7.2494,0.24337,2024-04-29,0.40303,2024-03-29,0.718285,2024-02-29
2024-05-30,7.2493,0.12707,2024-04-30,0.401645,2024-03-29,0.740689,2024-03-01
2024-05-31,7.241,0.006906,2024-05-01,0.141063,2024-04-01,0.625347,2024-03-01
2024-06-03,7.242,0.020717,2024-05-03,0.111973,2024-04-04,0.632252,2024-03-05
2024-06-04,7.2393,-0.016573,2024-05-03,0.074649,2024-04-05,0.577962,2024-03-06
2024-06-05,7.2475,0.560558,2024-05-06,0.188004,2024-04-05,0.764685,2024-03-07
2024-06-06,7.2451,0.368498,2024-05-07,0.154827,2024-04-05,0.829448,2024-03-08
2024-06-07,7.2466,0.389278,2024-05-08,0.222668,2024-04-08,0.850324,2024-03-08
2024-06-10,7.2475,0.297537,2024-05-10,0.140937,2024-04-11,0.934488,2024-03-12
2024-06-11,7.2544,0.393025,2024-05-10,0.234891,2024-04-12,0.930783,2024-03-13
2024-06-12,7.2544,0.3028,2024-05-13,0.234891,2024-04-12,0.850804,2024-03-14
2024-06-13,7.2519,0.254372,2024-05-14,0.200348,2024-04-12,0.786625,2024-03-15
2024-06-14,7.2557,0.508381,2024-05-15,0.241773,2024-04-15,0.839437,2024-03-15
2024-06-17,7.2561,0.454086,2024-05-17,0.247299,2024-04-18,0.791766,2024-03-19
2024-06-18,7.2543,0.429167,2024-05-17,0.193362,2024-04-19,0.765363,2024-03-20
2024-06-20,7.2604,0.315022,2024-05-21,0.277613,2024-04-19,0.435751,2024-03-22
2024-06-21,7.2609,0.281748,2024-05-22,0.284519,2024-04-22,0.442668,2024-03-22
2024-06-24,7.2586,0.222299,2024-05-24,0.173889,2024-04-25,0.568056,2024-03-26
2024-06-25,7.2629,0.281671,2024-05-24,0.227699,2024-04-26,0.496748,2024-03-27
2024-06-26,7.2666,0.332758,2024-05-24,0.278759,2024-04-26,0.559077,2024-03-28
2024-06-27,7.2688,0.327118,2024-05-28,0.309119,2024-04-26,0.671717,2024-03-29
2024-06-28,7.2672,0.245538,2024-05-29,0.489505,2024-04-29,0.649557,2024-03-29
2024-07-01,7.2683,0.37702,2024-05-31,0.383951,2024-05-02,0.501936,2024-04-02
2024-07-02,7.2712,0.417069,2024-05-31,0.424004,2024-05-03,0.528135,2024-04-03
2024-07-03,7.2699,0.385253,2024-06-03,0.406049,2024-05-03,0.497657,2024-04-04
2024-07-05,7.268,0.282856,2024-06-05,0.845,2024-05-06,0.471392,2024-04-05
2024-07-08,7.2683,0.299451,2024-06-07,0.671764,2024-05-09,0.507495,2024-04-09
2024-07-09,7.2725,0.357409,2024-06-07,0.64351,2024-05-10,0.530819,2024-04-10
2024-07-10,7.2758,0.390479,2024-06-10,0.689178,2024-05-10,0.531966,2024-04-11
2024-07-11,7.2573,0.039976,2024-06-11,0.433158,2024-05-10,0.274961,2024-04-12
2024-07-12,7.2495,-0.067545,2024-06-12,0.23505,2024-05-13,0.167187,2024-04-12
2024-07-15,7.2592,0.048238,2024-06-14,0.569402,2024-05-16,0.288742,2024-04-16
2024-07-16,7.2685,0.176413,2024-06-14,0.625753,2024-05-17,0.408902,2024-04-17
2024-07-17,7.2607,0.063395,2024-06-17,0.517769,2024-05-17,0.310851,2024-04-18
2024-07-18,7.26,0.078574,2024-06-18,0.508078,2024-05-17,0.272088,2024-04-19
2024-07-19,7.2695,0.209531,2024-06-18,0.485182,2024-05-20,0.403298,2024-04-19
2024-07-22,7.2736,0.174909,2024-06-21,0.434957,2024-05-23,0.401684,2024-04-23
2024-07-23,7.2748,0.191436,2024-06-21,0.445979,2024-05-24,0.397461,2024-04-24
2024-07-24,7.2622,0.049596,2024-06-24,0.272006,2024-05-24,0.223572,2024-04-25
2024-07-25,7.231,-0.439218,2024-06-25,-0.158785,2024-05-24,-0.212519,2024-04-26
2024-07-26,7.2502,-0.22569,2024-06-26,0.106317,2024-05-24,0.05244,2024-04-26
2024-07-29,7.2597,-0.103203,2024-06-28,0.143462,2024-05-30,0.270714,2024-04-30
2024-07-30,7.2511,-0.221543,2024-06-28,0.139483,2024-05-31,0.146399,2024-05-01
2024-07-31,7.2193,-0.67416,2024-07-01,-0.299682,2024-05-31,-0.292797,2024-05-02
2024-08-01,7.2441,-0.372703,2024-07-02,0.042812,2024-05-31,0.04972,2024-05-03
2024-08-02,7.16,-1.511713,2024-07-03,-1.132284,2024-06-03,-1.111802,2024-05-03
2024-08-05,7.13,-1.898734,2024-07-05,-1.58866,2024-06-06,-1.226016,2024-05-07
2024-08-06,7.1563,-1.536874,2024-07-05,-1.246102,2024-06-07,-0.861675,2024-05-08
2024-08-07,7.176,-1.269898,2024-07-08,-0.97425,2024-06-07,-0.606665,2024-05-09
2024-08-08,7.1747,-1.344792,2024-07-09,-0.992189,2024-06-07,-0.709936,2024-05-10
2024-08-09,7.166,-1.509112,2024-07-10,-1.124526,2024-06-10,-0.830335,2024-05-10
2024-08-12,7.1744,-1.035934,2024-07-12,-1.068685,2024-06-13,-0.817032,2024-05-14
2024-08-13,7.1558,-1.292503,2024-07-12,-1.376849,2024-06-14,-0.875468,2024-05-15
2024-08-14,7.1382,-1.66685,2024-07-15,-1.619416,2024-06-14,-1.106939,2024-05-16
2024-08-15,7.1734,-1.308385,2024-07-16,-1.134281,2024-06-14,-0.69082,2024-05-17
2024-08-16,7.1644,-1.326318,2024-07-17,-1.263764,2024-06-17,-0.815417,2024-05-17
2024-08-19,7.1393,-1.791045,2024-07-19,-1.667952,2024-06-20,-1.358185,2024-05-21
2024-08-20,7.132,-1.891464,2024-07-19,-1.775262,2024-06-21,-1.498515,2024-05-22
2024-08-21,7.1344,-1.91377,2024-07-22,-1.742208,2024-06-21,-1.487138,2024-05-23
2024-08-22,7.144,-1.797988,2024-07-23,-1.609993,2024-06-21,-1.360028,2024-05-24
2024-08-23,7.1244,-1.897497,2024-07-24,-1.848841,2024-06-24,-1.630652,2024-05-24
2024-08-26,7.1212,-1.779261,2024-07-26,-2.030597,2024-06-27,-1.710121,2024-05-28
2024-08-27,7.1244,-1.735125,2024-07-26,-1.964993,2024-06-28,-1.724281,2024-05-29
2024-08-28,7.1245,-1.862336,2024-07-29,-1.963617,2024-06-28,-1.721546,2024-05-30
2024-08-29,7.0972,-2.122437,2024-07-30,-2.339278,2024-06-28,-1.985914,2024-05-31
2024-08-30,7.09,-1.791032,2024-07-31,-2.453118,2024-07-01,-2.085347,2024-05-31
2024-09-03,7.1209,-0.546089,2024-08-02,-2.023941,2024-07-05,-1.746809,2024-06-05
2024-09-04,7.1119,-0.253857,2024-08-05,-2.147771,2024-07-05,-1.838484,2024-06-06
2024-09-05,7.0921,-0.897112,2024-08-06,-2.420198,2024-07-05,-2.132034,2024-06-07
2024-09-06,7.0876,-1.231884,2024-08-07,-2.486138,2024-07-08,-2.194132,2024-06-07
2024-09-09,7.1133,-0.735417,2024-08-09,-1.984209,2024-07-11,-1.945026,2024-06-11
2024-09-10,7.1205,-0.634943,2024-08-09,-1.779433,2024-07-12,-1.845776,2024-06-12
2024-09-11,7.1192,-0.769402,2024-08-12,-1.797365,2024-07-12,-1.829865,2024-06-13
2024-09-12,7.1173,-0.538025,2024-08-13,-1.823574,2024-07-12,-1.907466,2024-06-14
2024-09-13,7.093,-0.633213,2024-08-14,-2.289508,2024-07-15,-2.242375,2024-06-14
2024-09-16,7.0958,-0.957512,2024-08-16,-2.261708,2024-07-18,-2.184911,2024-06-18
2024-09-17,7.0958,-0.957512,2024-08-16,-2.389435,2024-07-19,-2.184911,2024-06-18
2024-09-18,7.0812,-0.813805,2024-08-19,-2.590274,2024-07-19,-2.468184,2024-06-20
2024-09-19,7.0675,-0.904375,2024-08-20,-2.778733,2024-07-19,-2.663582,2024-06-21
2024-09-20,7.0505,-1.175992,2024-08-21,-3.067257,2024-07-22,-2.897712,2024-06-21
2024-09-23,7.0508,-1.033069,2024-08-23,-2.492048,2024-07-25,-2.920321,2024-06-25
2024-09-24,7.0318,-1.299759,2024-08-23,-3.012331,2024-07-26,-3.231222,2024-06-26
2024-09-25,7.0315,-1.259619,2024-08-26,-3.016469,2024-07-26,-3.264638,2024-06-27
2024-09-26,7.0106,-1.597327,2024-08-27,-3.304736,2024-07-26,-3.530934,2024-06-28
2024-09-27,7.0111,-1.591691,2024-08-28,-3.424384,2024-07-29,-3.524053,2024-06-28
2024-09-30,7.0176,-1.021157,2024-08-30,-3.126682,2024-08-01,-3.487732,2024-07-02
2024-10-01,7.0175,-1.022567,2024-08-30,-1.990223,2024-08-02,-3.47185,2024-07-03
2024-10-02,7.0175,-1.022567,2024-08-30,-1.990223,2024-08-02,-3.47185,2024-07-03
2024-10-03,7.0175,-1.452064,2024-09-03,-1.990223,2024-08-02,-3.446615,2024-07-05
2024-10-04,7.0175,-1.327353,2024-09-04,-1.57784,2024-08-05,-3.446615,2024-07-05
2024-10-07,7.0175,-0.989051,2024-09-06,-2.191032,2024-08-08,-3.50636,2024-07-09
2024-10-08,7.0595,-0.396467,2024-09-06,-1.486185,2024-08-09,-2.972869,2024-07-10
2024-10-09,7.0818,-0.442832,2024-09-09,-1.174993,2024-08-09,-2.418255,2024-07-11
2024-10-10,7.0794,-0.577207,2024-09-10,-1.208485,2024-08-09,-2.346369,2024-07-12
2024-10-11,7.0667,-0.737442,2024-09-11,-1.501171,2024-08-12,-2.521553,2024-07-12
2024-10-15,7.1192,0.369378,2024-09-13,-0.630897,2024-08-16,-1.948848,2024-07-17
2024-10-16,7.1192,0.329773,2024-09-16,-0.630897,2024-08-16,-1.939394,2024-07-18
2024-10-17,7.1216,0.363595,2024-09-17,-0.597398,2024-08-16,-2.034528,2024-07-19
2024-10-18,7.1015,0.286675,2024-09-18,-0.529464,2024-08-19,-2.311026,2024-07-19
2024-10-21,7.1189,0.970144,2024-09-20,-0.351344,2024-08-22,-2.143014,2024-07-23
2024-10-22,7.123,1.028296,2024-09-20,-0.019651,2024-08-23,-1.916775,2024-07-24
2024-10-23,7.1252,1.055199,2024-09-23,0.011229,2024-08-23,-1.463145,2024-07-25
2024-10-24,7.119,1.240081,2024-09-24,-0.075796,2024-08-23,-1.809605,2024-07-26
2024-10-25,7.1199,1.2572,2024-09-25,-0.018255,2024-08-26,-1.797192,2024-07-26
2024-10-28,7.1254,1.630272,2024-09-27,0.39734,2024-08-29,-1.73353,2024-07-30
2024-10-29,7.1301,1.697309,2024-09-27,0.565585,2024-08-30,-1.235577,2024-07-31
2024-10-30,7.1229,1.500513,2024-09-30,0.464034,2024-08-30,-1.673086,2024-08-01
2024-10-31,7.1178,1.429284,2024-10-01,0.392102,2024-08-30,-0.589385,2024-08-02
2024-11-01,7.1214,1.480584,2024-10-02,0.442877,2024-08-30,-0.539106,2024-08-02
2024-11-04,7.0995,1.168507,2024-10-04,0.104341,2024-09-05,-0.793706,2024-08-06
2024-11-05,7.1047,1.242608,2024-10-04,0.241266,2024-09-06,-0.99359,2024-08-07
2024-11-06,7.1782,2.289989,2024-10-07,1.278289,2024-09-06,0.048783,2024-08-08
2024-11-07,7.1412,1.157306,2024-10-08,0.75625,2024-09-06,-0.346079,2024-08-09
2024-11-08,7.1785,1.365472,2024-10-09,0.916593,2024-09-09,0.174435,2024-08-09
2024-11-12,7.232,2.33914,2024-10-11,1.959679,2024-09-13,1.314057,2024-08-14
2024-11-13,7.2245,2.233008,2024-10-11,1.853941,2024-09-13,0.712354,2024-08-15
2024-11-14,7.2272,1.517024,2024-10-15,1.892006,2024-09-13,0.876556,2024-08-16
2024-11-15,7.2288,1.539499,2024-10-16,1.874348,2024-09-16,0.898889,2024-08-16
2024-11-18,7.2364,1.899599,2024-10-18,2.389813,2024-09-19,1.463825,2024-08-20
2024-11-19,7.2392,1.939027,2024-10-18,2.676406,2024-09-20,1.468939,2024-08-21
2024-11-20,7.2459,1.783983,2024-10-21,2.771435,2024-09-20,1.426372,2024-08-22
2024-11-21,7.2368,1.597641,2024-10-22,2.642366,2024-09-20,1.577677,2024-08-23
2024-11-22,7.2455,1.688374,2024-10-23,2.761389,2024-09-23,1.699792,2024-08-23
2024-11-25,7.2395,1.679799,2024-10-25,3.265056,2024-09-26,1.615575,2024-08-27
2024-11-26,7.252,1.855363,2024-10-25,3.43598,2024-09-27,1.789599,2024-08-28
2024-11-27,7.2458,1.68973,2024-10-28,3.347549,2024-09-27,2.093783,2024-08-29
2024-11-29,7.2423,1.676284,2024-10-30,3.201949,2024-09-30,2.148096,2024-08-30
2024-12-02,7.2714,2.106327,2024-11-01,3.618098,2024-10-03,2.113497,2024-09-03
2024-12-03,7.2858,2.308535,2024-11-01,3.823299,2024-10-04,2.445197,2024-09-04
2024-12-04,7.2632,2.305796,2024-11-04,3.501247,2024-10-04,2.412544,2024-09-05
2024-12-05,7.2558,2.126761,2024-11-05,3.395796,2024-10-04,2.373159,2024-09-06
2024-12-06,7.27,1.278872,2024-11-06,3.598147,2024-10-07,2.573509,2024-09-06
2024-12-09,7.2604,1.140907,2024-11-08,2.556714,2024-10-10,1.96475,2024-09-10
2024-12-10,7.25,0.99603,2024-11-08,2.593856,2024-10-11,1.837285,2024-09-11
2024-12-11,7.2605,1.1423,2024-11-08,2.74244,2024-10-11,2.011999,2024-09-12
2024-12-12,7.2685,0.504701,2024-11-12,2.855647,2024-10-11,2.47427,2024-09-13
2024-12-13,7.2756,0.707315,2024-11-13,2.956118,2024-10-11,2.574369,2024-09-13
2024-12-16,7.2836,0.758079,2024-11-15,2.27477,2024-10-17,2.646636,2024-09-17
2024-12-17,7.2846,0.771912,2024-11-15,2.578329,2024-10-18,2.872395,2024-09-18
2024-12-18,7.2864,0.690951,2024-11-18,2.603675,2024-10-18,3.097276,2024-09-19
2024-12-19,7.2965,0.791524,2024-11-19,2.745899,2024-10-18,3.489114,2024-09-20
2024-12-20,7.2953,0.681765,2024-11-20,2.477911,2024-10-21,3.472094,2024-09-20
2024-12-23,7.2977,0.720447,2024-11-22,2.510184,2024-10-24,3.781393,2024-09-24
2024-12-24,7.2946,0.677662,2024-11-22,2.453686,2024-10-25,3.741734,2024-09-25
2024-12-26,7.2981,0.635687,2024-11-26,2.502844,2024-10-25,4.093509,2024-09-27
2024-12-27,7.298,0.720417,2024-11-27,2.42232,2024-10-28,4.092083,2024-09-27
2024-12-30,7.2993,0.787043,2024-11-29,2.549945,2024-10-31,4.015675,2024-10-01
2024-12-31,7.2993,0.787043,2024-11-29,2.498104,2024-11-01,4.015675,2024-10-02
2025-01-02,7.2994,0.186664,2024-12-03,2.499509,2024-11-01,4.0171,2024-10-04
2025-01-03,7.3199,0.780648,2024-12-04,3.104444,2024-11-04,4.309227,2024-10-04
2025-01-06,7.3223,0.719395,2024-12-06,2.535988,2024-11-07,3.722643,2024-10-08
2025-01-07,7.3264,0.775791,2024-12-06,2.060319,2024-11-08,3.453924,2024-10-09
2025-01-08,7.3316,0.980662,2024-12-09,2.132758,2024-11-08,3.562449,2024-10-10
2025-01-09,7.3321,1.132414,2024-12-10,2.139723,2024-11-08,3.755643,2024-10-11
2025-01-10,7.3326,0.993045,2024-12-11,2.146688,2024-11-08,3.762718,2024-10-11
2025-01-13,7.3319,0.773819,2024-12-13,1.448694,2024-11-14,2.987695,2024-10-15
2025-01-14,7.3311,0.762824,2024-12-13,1.415173,2024-11-15,2.976458,2024-10-16
2025-01-15,7.3304,0.642539,2024-12-16,1.405489,2024-11-15,2.931925,2024-10-17
2025-01-16,7.3316,0.645197,2024-12-17,1.422089,2024-11-15,3.240161,2024-10-18
2025-01-17,7.3249,0.528382,2024-12-18,1.222984,2024-11-18,3.145814,2024-10-18
2025-01-21,7.2712,-0.33035,2024-12-20,0.354703,2024-11-22,2.049065,2024-10-23
2025-01-22,7.2728,-0.341203,2024-12-23,0.376786,2024-11-22,2.160416,2024-10-24
2025-01-23,7.288,-0.090478,2024-12-24,0.586571,2024-11-22,2.360988,2024-10-25
2025-01-24,7.244,-0.693664,2024-12-24,0.062159,2024-11-25,1.743002,2024-10-25
2025-01-27,7.2507,-0.648123,2024-12-27,0.067625,2024-11-27,1.691421,2024-10-29
2025-01-28,7.2422,-0.764593,2024-12-27,-0.001381,2024-11-29,1.67488,2024-10-30
2025-01-29,7.2422,-0.782267,2024-12-30,-0.001381,2024-11-29,1.747731,2024-10-31
2025-01-30,7.2422,-0.782267,2024-12-31,-0.001381,2024-11-29,1.696296,2024-11-01
2025-01-31,7.2422,-0.782267,2024-12-31,-0.401573,2024-12-02,1.696296,2024-11-01
2025-02-03,7.2422,-1.06149,2025-01-03,-0.187436,2024-12-05,1.935339,2024-11-05
2025-02-04,7.2422,-1.06149,2025-01-03,-0.382393,2024-12-06,0.891588,2024-11-06
2025-02-05,7.272,-0.686943,2025-01-06,0.02751,2024-12-06,1.831625,2024-11-07
2025-02-06,7.2883,-0.520037,2025-01-07,0.251719,2024-12-06,1.529567,2024-11-08
2025-02-07,7.2943,-0.508757,2025-01-08,0.466916,2024-12-09,1.61315,2024-11-08
2025-02-10,7.3045,-0.38322,2025-01-10,0.495288,2024-12-12,1.002489,2024-11-12
2025-02-11,7.3072,-0.346398,2025-01-10,0.434328,2024-12-13,1.144716,2024-11-13
2025-02-12,7.3088,-0.315062,2025-01-13,0.45632,2024-12-13,1.129068,2024-11-14
2025-02-13,7.2888,-0.576994,2025-01-14,0.181428,2024-12-13,0.830013,2024-11-15
2025-02-14,7.253,-1.055877,2025-01-15,-0.420122,2024-12-16,0.334772,2024-11-15
2025-02-18,7.2786,-0.632091,2025-01-17,-0.228915,2024-12-20,0.45129,2024-11-20
2025-02-19,7.2833,-0.567926,2025-01-17,-0.164489,2024-12-20,0.642549,2024-11-21
2025-02-20,7.2555,-0.21592,2025-01-21,-0.545557,2024-12-20,0.138017,2024-11-22
2025-02-21,7.2501,-0.312122,2025-01-22,-0.65226,2024-12-23,0.063488,2024-11-22
2025-02-24,7.2476,0.049696,2025-01-24,-0.691961,2024-12-26,-0.060673,2024-11-26
2025-02-25,7.2512,0.099393,2025-01-24,-0.641272,2024-12-27,0.074526,2024-11-27
2025-02-26,7.2595,0.121368,2025-01-27,-0.527542,2024-12-27,0.189075,2024-11-27
2025-02-27,7.2853,0.595123,2025-01-28,-0.17402,2024-12-27,0.593734,2024-11-29
2025-02-28,7.2828,0.560603,2025-01-29,-0.226049,2024-12-30,0.559215,2024-11-29
2025-03-03,7.2843,0.581315,2025-01-31,-0.206866,2025-01-02,-0.020588,2024-12-03
2025-03-04,7.2651,0.316202,2025-01-31,-0.748644,2025-01-03,0.026159,2024-12-04
2025-03-05,7.2506,0.115987,2025-02-03,-0.946734,2025-01-03,-0.071667,2024-12-05
2025-03-06,7.2468,0.063517,2025-02-04,-0.998648,2025-01-03,-0.31912,2024-12-06
2025-03-07,7.234,-0.522552,2025-02-05,-1.205905,2025-01-06,-0.495186,2024-12-06
2025-03-10,7.2591,-0.482569,2025-02-07,-0.995622,2025-01-09,0.125517,2024-12-10
2025-03-11,7.2278,-0.911671,2025-02-07,-1.429234,2025-01-10,-0.450382,2024-12-11
2025-03-12,7.2372,-0.92135,2025-02-10,-1.301039,2025-01-10,-0.430625,2024-12-12
2025-03-13,7.2439,-0.866269,2025-02-11,-1.209666,2025-01-10,-0.435703,2024-12-13
2025-03-14,7.2377,-0.9728,2025-02-12,-1.284797,2025-01-13,-0.520919,2024-12-13
2025-03-17,7.2327,-0.279884,2025-02-14,-1.348955,2025-01-16,-0.712462,2024-12-17
2025-03-18,7.2273,-0.354336,2025-02-14,-1.332441,2025-01-17,-0.8111,2024-12-18
2025-03-19,7.23,-0.31711,2025-02-14,-1.295581,2025-01-17,-0.911396,2024-12-19
2025-03-20,7.2477,-0.424532,2025-02-18,-1.053939,2025-01-17,-0.652475,2024-12-20
2025-03-21,7.2486,-0.476432,2025-02-19,-1.041652,2025-01-17,-0.640138,2024-12-20
2025-03-24,7.2531,0.041379,2025-02-21,-0.478869,2025-01-23,-0.568914,2024-12-24
2025-03-25,7.2569,0.093792,2025-02-21,0.178078,2025-01-24,-0.516821,2024-12-24
2025-03-26,7.2675,0.274574,2025-02-24,0.324406,2025-01-24,-0.419287,2024-12-26
2025-03-27,7.2645,0.183418,2025-02-25,0.282993,2025-01-24,-0.45903,2024-12-27
2025-03-28,7.2628,0.045458,2025-02-26,0.16688,2025-01-27,-0.482324,2024-12-27
2025-03-31,7.2567,-0.358379,2025-02-28,0.200215,2025-01-30,-0.583618,2024-12-31
2025-04-01,7.2697,-0.179876,2025-02-28,0.379719,2025-01-31,-0.405518,2024-12-31
2025-04-02,7.2675,-0.230633,2025-03-03,0.349341,2025-01-31,-0.437022,2025-01-02
2025-04-03,7.2813,0.222984,2025-03-04,0.539891,2025-01-31,-0.52733,2025-01-03
2025-04-04,7.2803,0.409621,2025-03-05,0.526083,2025-02-03,-0.540991,2025-01-03
2025-04-07,7.3081,1.02433,2025-03-07,0.271668,2025-02-06,-0.249782,2025-01-07
2025-04-08,7.3388,1.448714,2025-03-07,0.610065,2025-02-07,0.098205,2025-01-08
2025-04-09,7.3499,1.250844,2025-03-10,0.762239,2025-02-07,0.242768,2025-01-09
2025-04-10,7.314,1.192617,2025-03-11,0.270074,2025-02-07,-0.253662,2025-01-10
2025-04-11,7.2915,0.75029,2025-03-12,-0.177972,2025-02-10,-0.560511,2025-01-10
2025-04-14,7.3119,1.025188,2025-03-14,0.316925,2025-02-13,-0.261898,2025-01-14
2025-04-15,7.315,1.068019,2025-03-14,0.854819,2025-02-14,-0.210084,2025-01-15
2025-04-16,7.3053,1.003775,2025-03-17,0.721081,2025-02-14,-0.358721,2025-01-16
2025-04-17,7.299,0.992072,2025-03-18,0.63422,2025-02-14,-0.353588,2025-01-17
2025-04-18,7.2996,0.962656,2025-03-19,0.642493,2025-02-14,-0.345397,2025-01-17
2025-04-21,7.2914,0.590459,2025-03-21,0.494797,2025-02-20,0.277808,2025-01-21
2025-04-22,7.3118,0.871893,2025-03-21,0.851023,2025-02-21,0.536245,2025-01-22
2025-04-23,7.286,0.453599,2025-03-24,0.495166,2025-02-21,-0.027442,2025-01-23
2025-04-24,7.2879,0.42718,2025-03-25,0.521372,2025-02-21,0.606019,2025-01-24
2025-04-25,7.2864,0.260062,2025-03-26,0.53535,2025-02-24,0.585312,2025-01-24
2025-04-28,7.2942,0.43234,2025-03-28,0.122164,2025-02-27,0.718014,2025-01-28
2025-04-29,7.269,0.085367,2025-03-28,-0.189488,2025-02-28,0.370053,2025-01-29
2025-04-30,7.2706,0.191547,2025-03-31,-0.167518,2025-02-28,0.392146,2025-01-30
2025-05-01,7.2706,0.01238,2025-04-01,-0.167518,2025-02-28,0.392146,2025-01-31
2025-05-02,7.2706,0.042656,2025-04-02,-0.188076,2025-03-03,0.392146,2025-01-31
2025-05-05,7.2706,-0.133236,2025-04-04,0.328421,2025-03-06,0.392146,2025-02-04
2025-05-06,7.2164,-0.877711,2025-04-04,-0.243296,2025-03-07,-0.764576,2025-02-05
2025-05-07,7.225,-1.137094,2025-04-07,-0.124412,2025-03-07,-0.868515,2025-02-06
2025-05-08,7.234,-1.428026,2025-04-08,0.0,2025-03-07,-0.826673,2025-02-07
2025-05-09,7.2364,-1.544239,2025-04-09,-0.312711,2025-03-10,-0.79377,2025-02-07
2025-05-12,7.2018,-1.2302,2025-04-11,-0.581179,2025-03-13,-1.442413,2025-02-11
2025-05-13,7.2057,-1.176713,2025-04-11,-0.442129,2025-03-14,-1.410628,2025-02-12
2025-05-14,7.208,-1.420971,2025-04-14,-0.410351,2025-03-14,-1.10855,2025-02-13
2025-05-15,7.2067,-1.480519,2025-04-15,-0.428313,2025-03-14,-0.638357,2025-02-14
2025-05-16,7.209,-1.318221,2025-04-16,-0.327678,2025-03-17,-0.606646,2025-02-14
2025-05-19,7.2144,-1.167187,2025-04-18,-0.459456,2025-03-20,-0.882038,2025-02-18
2025-05-20,7.2194,-1.09869,2025-04-18,-0.402836,2025-03-21,-0.87735,2025-02-19
2025-05-21,7.2019,-1.227473,2025-04-21,-0.644262,2025-03-21,-0.73875,2025-02-20
2025-05-22,7.2037,-1.478432,2025-04-22,-0.61943,2025-03-21,-0.639991,2025-02-21
2025-05-23,7.1798,-1.45759,2025-04-23,-1.010602,2025-03-24,-0.969642,2025-02-21
2025-05-27,7.195,-1.254392,2025-04-25,-0.933524,2025-03-28,-0.888491,2025-02-26
2025-05-28,7.1941,-1.372323,2025-04-28,-0.945916,2025-03-28,-1.251836,2025-02-27
2025-05-29,7.1855,-1.148714,2025-04-29,-1.064328,2025-03-28,-1.336025,2025-02-28
2025-05-30,7.1991,-0.983413,2025-04-30,-0.793749,2025-03-31,-1.149283,2025-02-28
2025-06-02,7.1975,-1.005419,2025-05-02,-1.150893,2025-04-03,-0.930476,2025-03-04
2025-06-03,7.1872,-1.147086,2025-05-02,-1.278793,2025-04-04,-0.87441,2025-03-05
2025-06-04,7.1844,-1.185597,2025-05-05,-1.317253,2025-04-04,-0.86107,2025-03-06
2025-06-05,7.175,-0.573693,2025-05-06,-1.446369,2025-04-04,-0.815593,2025-03-07
2025-06-06,7.1886,-0.503806,2025-05-07,-1.635172,2025-04-07,-0.627592,2025-03-07
2025-06-09,7.1802,-0.776629,2025-05-09,-1.829368,2025-04-10,-0.658568,2025-03-11
2025-06-10,7.187,-0.68266,2025-05-09,-1.433176,2025-04-11,-0.693638,2025-03-12
2025-06-11,7.1928,-0.124969,2025-05-12,-1.353631,2025-04-11,-0.705421,2025-03-13
2025-06-12,7.1726,-0.459359,2025-05-13,-1.630666,2025-04-11,-0.899457,2025-03-14
2025-06-13,7.181,-0.374584,2025-05-14,-1.790232,2025-04-14,-0.783398,2025-03-14
2025-06-16,7.179,-0.416146,2025-05-16,-1.644061,2025-04-17,-0.668299,2025-03-18
2025-06-17,7.1845,-0.339853,2025-05-16,-1.576799,2025-04-18,-0.629322,2025-03-19
2025-06-18,7.1888,-0.354846,2025-05-19,-1.517891,2025-04-18,-0.812672,2025-03-20
2025-06-20,7.1785,-0.324914,2025-05-21,-1.548399,2025-04-21,-0.967083,2025-03-21
2025-06-23,7.179,-0.011142,2025-05-23,-1.494258,2025-04-24,-1.073461,2025-03-25
2025-06-24,7.1713,-0.118388,2025-05-23,-1.579655,2025-04-25,-1.323701,2025-03-26
2025-06-25,7.1764,-0.047355,2025-05-23,-1.509662,2025-04-25,-1.212747,2025-03-27
2025-06-26,7.1675,-0.38221,2025-05-27,-1.631807,2025-04-25,-1.312166,2025-03-28
2025-06-27,7.1721,-0.305806,2025-05-28,-1.673933,2025-04-28,-1.24883,2025-03-28
2025-06-30,7.1636,-0.493117,2025-05-30,-1.47168,2025-05-01,-1.459483,2025-04-01
2025-07-01,7.1647,-0.477838,2025-05-30,-1.456551,2025-05-02,-1.414517,2025-04-02
2025-07-02,7.1649,-0.452935,2025-06-02,-1.4538,2025-05-02,-1.598616,2025-04-03
2025-07-03,7.1684,-0.261576,2025-06-03,-1.405661,2025-05-02,-1.537025,2025-04-04
2025-07-07,7.1744,-0.197535,2025-06-06,-0.823887,2025-05-08,-2.240148,2025-04-08
2025-07-08,7.1738,-0.205882,2025-06-06,-0.865071,2025-05-09,-2.395951,2025-04-09
2025-07-09,7.18,-0.002785,2025-06-09,-0.779393,2025-05-09,-1.832103,2025-04-10
2025-07-10,7.1748,-0.169751,2025-06-10,-0.851252,2025-05-09,-1.600494,2025-04-11
2025-07-11,7.1681,-0.343399,2025-06-11,-0.467939,2025-05-12,-1.692382,2025-04-11
2025-07-14,7.167,-0.194959,2025-06-13,-0.550876,2025-05-15,-2.02324,2025-04-15
2025-07-15,7.1729,-0.112798,2025-06-13,-0.500763,2025-05-16,-1.812383,2025-04-16
2025-07-16,7.1791,0.001393,2025-06-16,-0.414759,2025-05-16,-1.642691,2025-04-17
2025-07-17,7.1832,-0.018095,2025-06-17,-0.357886,2025-05-16,-1.594608,2025-04-18
2025-07-18,7.1776,-0.155798,2025-06-18,-0.510091,2025-05-19,-1.671324,2025-04-18
2025-07-21,7.176,-0.034826,2025-06-20,-0.384525,2025-05-22,-1.857272,2025-04-22
2025-07-22,7.1748,-0.051543,2025-06-20,-0.06964,2025-05-23,-1.526215,2025-04-23
2025-07-23,7.1599,-0.266054,2025-06-23,-0.277166,2025-05-23,-1.756336,2025-04-24
2025-07-24,7.1541,-0.239845,2025-06-24,-0.357949,2025-05-23,-1.815711,2025-04-25
2025-07-25,7.1679,-0.118444,2025-06-25,-0.165743,2025-05-23,-1.626318,2025-04-25
2025-07-28,7.1778,0.079475,2025-06-27,-0.10716,2025-05-29,-1.254643,2025-04-29
2025-07-29,7.1769,0.066926,2025-06-27,-0.308372,2025-05-30,-1.288752,2025-04-30
2025-07-30,7.1934,0.415992,2025-06-30,-0.079177,2025-05-30,-1.061811,2025-05-01
2025-07-31,7.2002,0.495485,2025-07-01,0.01528,2025-05-30,-0.968283,2025-05-02
2025-08-01,7.2116,0.651789,2025-07-02,0.195901,2025-06-02,-0.811487,2025-05-02
2025-08-04,7.178,0.133921,2025-07-03,0.041812,2025-06-05,-0.532121,2025-05-06
2025-08-05,7.1835,0.210647,2025-07-03,-0.070946,2025-06-06,-0.574394,2025-05-07
2025-08-06,7.1822,0.10872,2025-07-07,-0.08903,2025-06-06,-0.716063,2025-05-08
2025-08-07,7.1806,0.094789,2025-07-08,-0.111287,2025-06-06,-0.771102,2025-05-09
2025-08-08,7.1839,0.054318,2025-07-09,0.051531,2025-06-09,-0.725499,2025-05-09
2025-08-11,7.1884,0.283199,2025-07-11,0.220283,2025-06-12,-0.240088,2025-05-13
2025-08-12,7.1785,0.145087,2025-07-11,-0.034814,2025-06-13,-0.409267,2025-05-14
2025-08-13,7.1744,0.103251,2025-07-14,-0.091909,2025-06-13,-0.448194,2025-05-15
2025-08-14,7.1795,0.092013,2025-07-15,-0.020888,2025-06-13,-0.409211,2025-05-16
2025-08-15,7.1817,0.036216,2025-07-16,0.03761,2025-06-16,-0.378693,2025-05-16
2025-08-18,7.1847,0.098919,2025-07-18,-0.057033,2025-06-18,-0.480649,2025-05-20
2025-08-19,7.1819,0.059909,2025-07-18,0.047364,2025-06-20,-0.277704,2025-05-21
2025-08-20,7.1757,-0.004181,2025-07-21,-0.039005,2025-06-20,-0.388689,2025-05-22
2025-08-21,7.1793,0.06272,2025-07-22,0.011144,2025-06-20,-0.006964,2025-05-23
2025-08-22,7.1651,0.072627,2025-07-23,-0.19362,2025-06-23,-0.204741,2025-05-23
2025-08-25,7.151,-0.235773,2025-07-25,-0.230206,2025-06-26,-0.611536,2025-05-27
2025-08-26,7.152,-0.221822,2025-07-25,-0.280253,2025-06-27,-0.585202,2025-05-28
2025-08-27,7.1536,-0.337151,2025-07-28,-0.257944,2025-06-27,-0.44395,2025-05-29
2025-08-28,7.1306,-0.645125,2025-07-29,-0.578631,2025-06-27,-0.951508,2025-05-30
2025-08-29,7.1304,-0.875803,2025-07-30,-0.463454,2025-06-30,-0.954286,2025-05-30
2025-09-02,7.139,-1.006711,2025-08-01,-0.410133,2025-07-03,-0.631925,2025-06-04
2025-09-03,7.1415,-0.508498,2025-08-04,-0.375258,2025-07-03,-0.466899,2025-06-05
2025-09-04,7.1414,-0.586065,2025-08-05,-0.376653,2025-07-03,-0.656595,2025-06-06
2025-09-05,7.1323,-0.694773,2025-08-06,-0.586809,2025-07-07,-0.783184,2025-06-06
2025-09-08,7.1293,-0.760033,2025-08-08,-0.634164,2025-07-10,-0.802838,2025-06-10
2025-09-09,7.1209,-0.876961,2025-08-08,-0.658473,2025-07-11,-0.999611,2025-06-11
2025-09-10,7.1207,-0.941795,2025-08-11,-0.661263,2025-07-11,-0.723587,2025-06-12
2025-09-11,7.1184,-0.837222,2025-08-12,-0.69335,2025-07-11,-0.871745,2025-06-13
2025-09-12,7.1242,-0.69971,2025-08-13,-0.597182,2025-07-14,-0.790976,2025-06-13
2025-09-15,7.1186,-0.878622,2025-08-15,-0.899321,2025-07-17,-0.917252,2025-06-17
2025-09-16,7.1142,-0.939889,2025-08-15,-0.883304,2025-07-18,-1.037725,2025-06-18
2025-09-17,7.1033,-1.132963,2025-08-18,-1.035165,2025-07-18,-1.18935,2025-06-18
2025-09-18,7.1125,-0.966318,2025-08-19,-0.906988,2025-07-18,-0.919412,2025-06-20
2025-09-19,7.1142,-0.857059,2025-08-20,-0.861204,2025-07-21,-0.89573,2025-06-20
2025-09-22,7.114,-0.713179,2025-08-22,-0.560518,2025-07-24,-0.799018,2025-06-24
2025-09-23,7.1116,-0.746675,2025-08-22,-0.785446,2025-07-25,-0.90296,2025-06-25
2025-09-24,7.1315,-0.272689,2025-08-25,-0.50782,2025-07-25,-0.502267,2025-06-26
2025-09-25,7.1338,-0.254474,2025-08-26,-0.475732,2025-07-25,-0.534014,2025-06-27
2025-09-26,7.1328,-0.290763,2025-08-27,-0.626933,2025-07-28,-0.547957,2025-06-27
2025-09-29,7.1194,-0.154269,2025-08-29,-1.122191,2025-07-31,-0.632267,2025-07-01
2025-09-30,7.119,-0.159879,2025-08-29,-1.284042,2025-08-01,-0.640623,2025-07-02
2025-10-01,7.12,-0.145854,2025-08-29,-1.270176,2025-08-01,-0.675186,2025-07-03
2025-10-02,7.12,-0.266144,2025-09-02,-1.270176,2025-08-01,-0.675186,2025-07-03
2025-10-03,7.12,-0.301057,2025-09-03,-0.808025,2025-08-04,-0.675186,2025-07-03
2025-10-06,7.12,-0.172455,2025-09-05,-0.843941,2025-08-07,-0.749951,2025-07-08
2025-10-07,7.12,-0.172455,2025-09-05,-0.889489,2025-08-08,-0.835655,2025-07-09
2025-10-08,7.12,-0.130448,2025-09-08,-0.889489,2025-08-08,-0.763784,2025-07-10
2025-10-09,7.1275,0.092685,2025-09-09,-0.785089,2025-08-08,-0.566398,2025-07-11
2025-10-10,7.134,0.186779,2025-09-10,-0.756775,2025-08-11,-0.475719,2025-07-11
2025-10-14,7.1384,0.199321,2025-09-12,-0.602921,2025-08-15,-0.566923,2025-07-16
2025-10-15,7.1262,0.106763,2025-09-15,-0.772798,2025-08-15,-0.793518,2025-07-17
2025-10-16,7.123,0.123696,2025-09-16,-0.817355,2025-08-15,-0.7607,2025-07-18
2025-10-17,7.1264,0.325201,2025-09-17,-0.811447,2025-08-18,-0.71333,2025-07-18
2025-10-20,7.1195,0.074499,2025-09-19,-0.83295,2025-08-21,-0.770753,2025-07-22
2025-10-21,7.1218,0.106829,2025-09-19,-0.604318,2025-08-22,-0.53213,2025-07-23
2025-10-22,7.1257,0.164464,2025-09-22,-0.549888,2025-08-22,-0.396975,2025-07-24
2025-10-23,7.1221,0.147646,2025-09-23,-0.600131,2025-08-22,-0.63896,2025-07-25
2025-10-24,7.1211,-0.145832,2025-09-24,-0.418123,2025-08-25,-0.652911,2025-07-25
2025-10-27,7.1102,-0.316846,2025-09-26,-0.286091,2025-08-28,-0.929371,2025-07-29
2025-10-28,7.0988,-0.476671,2025-09-26,-0.443173,2025-08-29,-1.315094,2025-07-30
2025-10-29,7.098,-0.300587,2025-09-29,-0.454392,2025-08-29,-1.419405,2025-07-31
2025-10-30,7.1097,-0.130636,2025-09-30,-0.290306,2025-08-29,-1.413001,2025-08-01
2025-10-31,7.1169,-0.043539,2025-10-01,-0.18933,2025-08-29,-1.313162,2025-08-01
2025-11-03,7.1222,0.030899,2025-10-03,-0.268855,2025-09-04,-0.853344,2025-08-05
2025-11-04,7.1295,0.133427,2025-10-03,-0.039258,2025-09-05,-0.733758,2025-08-06
2025-11-05,7.126,0.08427,2025-10-06,-0.088331,2025-09-05,-0.760382,2025-08-07
2025-11-06,7.1195,-0.007022,2025-10-07,-0.179465,2025-09-05,-0.896449,2025-08-08
2025-11-07,7.1219,0.026685,2025-10-08,-0.103797,2025-09-08,-0.863041,2025-08-08
2025-11-10,7.1193,-0.206056,2025-10-10,0.012643,2025-09-11,-0.824685,2025-08-12
2025-11-12,7.112,-0.308382,2025-10-10,-0.171247,2025-09-12,-0.940177,2025-08-14
2025-11-13,7.095,-0.607979,2025-10-14,-0.409871,2025-09-12,-1.207235,2025-08-15
2025-11-14,7.0992,-0.378884,2025-10-15,-0.272525,2025-09-15,-1.148753,2025-08-15
2025-11-17,7.1075,-0.265211,2025-10-17,-0.070299,2025-09-18,-1.035938,2025-08-19
2025-11-18,7.1074,-0.266614,2025-10-17,-0.095583,2025-09-19,-0.951824,2025-08-20
2025-11-19,7.1106,-0.125009,2025-10-20,-0.050603,2025-09-19,-0.956918,2025-08-21
2025-11-20,7.1098,-0.168497,2025-10-21,-0.061848,2025-09-19,-0.771797,2025-08-22
2025-11-21,7.1066,-0.268044,2025-10-22,-0.10402,2025-09-22,-0.816458,2025-08-22
2025-11-24,7.102,-0.268217,2025-10-24,-0.445765,2025-09-25,-0.699105,2025-08-26
2025-11-25,7.0845,-0.513966,2025-10-24,-0.677153,2025-09-26,-0.965947,2025-08-27
2025-11-26,7.0758,-0.483812,2025-10-27,-0.799125,2025-09-26,-0.768519,2025-08-28
2025-11-28,7.0751,-0.322626,2025-10-29,-0.622243,2025-09-29,-0.775553,2025-08-29
2025-12-01,7.0717,-0.635108,2025-10-31,-0.678371,2025-10-02,-0.942709,2025-09-02
2025-12-02,7.07,-0.658995,2025-10-31,-0.702247,2025-10-03,-1.00119,2025-09-03
2025-12-03,7.0636,-0.822779,2025-11-03,-0.792135,2025-10-03,-1.089422,2025-09-04
2025-12-04,7.0714,-0.814924,2025-11-04,-0.682584,2025-10-03,-0.853862,2025-09-05
2025-12-05,7.0696,-0.791468,2025-11-05,-0.707865,2025-10-06,-0.879099,2025-09-05
2025-12-08,7.071,-0.714697,2025-11-07,-0.792704,2025-10-09,-0.700754,2025-09-09
2025-12-09,7.0633,-0.822814,2025-11-07,-0.991029,2025-10-10,-0.806101,2025-09-10
2025-12-10,7.064,-0.776762,2025-11-10,-0.981217,2025-10-10,-0.764217,2025-09-11
2025-12-11,7.0579,-0.862444,2025-11-10,-1.066723,2025-10-10,-0.930631,2025-09-12
2025-12-12,7.0548,-0.804274,2025-11-12,-1.110177,2025-10-10,-0.974144,2025-09-12
2025-12-15,7.047,-0.735294,2025-11-14,-1.066966,2025-10-16,-0.94459,2025-09-16
2025-12-16,7.0417,-0.80995,2025-11-14,-1.188538,2025-10-17,-0.867203,2025-09-17
2025-12-17,7.0431,-0.906085,2025-11-17,-1.168893,2025-10-17,-0.975747,2025-09-18
2025-12-18,7.0404,-0.942679,2025-11-18,-1.20678,2025-10-17,-1.037362,2025-09-19
2025-12-19,7.0409,-0.980227,2025-11-19,-1.10401,2025-10-20,-1.030334,2025-09-19
2025-12-22,7.0367,-0.983593,2025-11-21,-1.199085,2025-10-23,-1.053209,2025-09-23
2025-12-23,7.028,-1.106014,2025-11-21,-1.307382,2025-10-24,-1.451308,2025-09-24
2025-12-24,7.0142,-1.236271,2025-11-24,-1.501173,2025-10-24,-1.676526,2025-09-25
2025-12-26,7.0063,-0.982221,2025-11-26,-1.461281,2025-10-27,-1.773497,2025-09-26
2025-12-29,7.0056,-0.982318,2025-11-28,-1.464197,2025-10-30,-1.59292,2025-09-30
2025-12-30,6.9961,-1.116592,2025-11-28,-1.697368,2025-10-31,-1.740169,2025-10-01
2025-12-31,6.9931,-1.111472,2025-12-01,-1.739521,2025-10-31,-1.782303,2025-10-02
2026-01-02,6.9877,-1.074523,2025-12-03,-1.888461,2025-11-03,-1.858146,2025-10-03
2026-01-05,6.988,-1.154238,2025-12-05,-1.84704,2025-11-06,-1.853933,2025-10-07
2026-01-06,6.9834,-1.219305,2025-12-05,-1.944706,2025-11-07,-1.918539,2025-10-08
2026-01-07,6.9965,-1.053599,2025-12-08,-1.760766,2025-11-07,-1.837952,2025-10-09
2026-01-08,6.9835,-1.129784,2025-12-09,-1.943302,2025-11-07,-2.109616,2025-10-10
2026-01-09,6.9772,-1.228766,2025-12-10,-1.995983,2025-11-10,-2.197925,2025-10-10
2026-01-12,6.9731,-1.158077,2025-12-12,-1.718111,2025-11-13,-2.315645,2025-10-14
2026-01-13,6.9775,-1.095708,2025-12-12,-1.714278,2025-11-14,-2.086666,2025-10-15
2026-01-14,6.973,-1.050092,2025-12-15,-1.777665,2025-11-14,-2.105854,2025-10-16
2026-01-15,6.966,-1.075024,2025-12-16,-1.876268,2025-11-14,-2.250786,2025-10-17
2026-01-16,6.9681,-1.064872,2025-12-17,-1.961308,2025-11-17,-2.221318,2025-10-17
2026-01-20,6.9599,-1.150421,2025-12-19,-2.064278,2025-11-21,-2.326789,2025-10-22
2026-01-21,6.9637,-1.037418,2025-12-22,-2.010807,2025-11-21,-2.224063,2025-10-23
2026-01-22,6.97,-0.82527,2025-12-23,-1.922157,2025-11-21,-2.121863,2025-10-24
2026-01-23,6.9631,-0.728522,2025-12-24,-1.955787,2025-11-24,-2.218758,2025-10-24
2026-01-26,6.9542,-0.743616,2025-12-26,-1.718534,2025-11-26,-2.036964,2025-10-28
2026-01-27,6.9545,-0.739335,2025-12-26,-1.70457,2025-11-28,-2.021696,2025-10-29
2026-01-28,6.9462,-0.847893,2025-12-29,-1.821882,2025-11-28,-2.299675,2025-10-30
2026-01-29,6.948,-0.687526,2025-12-30,-1.796441,2025-11-28,-2.373224,2025-10-31
2026-01-30,6.951,-0.602022,2025-12-31,-1.706803,2025-12-01,-2.331071,2025-10-31
2026-02-02,6.9463,-0.59247,2026-01-02,-1.769098,2025-12-04,-2.569605,2025-11-04
2026-02-03,6.9377,-0.715543,2026-01-02,-1.865735,2025-12-05,-2.642436,2025-11-05
2026-02-04,6.9415,-0.665426,2026-01-05,-1.811984,2025-12-05,-2.500176,2025-11-06
2026-02-05,6.9378,-0.652977,2026-01-06,-1.86432,2025-12-05,-2.584984,2025-11-07
2026-02-06,6.9388,-0.824698,2026-01-07,-1.869608,2025-12-08,-2.570943,2025-11-07
2026-02-09,6.92,-0.819813,2026-01-09,-1.953839,2025-12-11,-2.799433,2025-11-10
2026-02-10,6.9106,-0.954538,2026-01-09,-2.043998,2025-12-12,-2.831834,2025-11-12
2026-02-11,6.9125,-0.869054,2026-01-12,-2.017066,2025-12-12,-2.572234,2025-11-13
2026-02-12,6.901,-1.096381,2026-01-13,-2.180076,2025-12-12,-2.791864,2025-11-14
2026-02-13,6.908,-0.932167,2026-01-14,-1.972471,2025-12-15,-2.693261,2025-11-14
2026-02-17,6.9031,-0.932822,2026-01-16,-1.957136,2025-12-19,-2.918178,2025-11-19
2026-02-18,6.9031,-0.932822,2026-01-16,-1.957136,2025-12-19,-2.907255,2025-11-20
2026-02-19,6.9031,-0.816104,2026-01-20,-1.957136,2025-12-19,-2.863535,2025-11-21
2026-02-20,6.9031,-0.870227,2026-01-21,-1.898617,2025-12-22,-2.863535,2025-11-21
2026-02-23,6.9031,-0.861685,2026-01-23,-1.58393,2025-12-24,-2.560519,2025-11-25
2026-02-24,6.883,-1.15035,2026-01-23,-1.759845,2025-12-26,-2.72478,2025-11-26
2026-02-25,6.8692,-1.222283,2026-01-26,-1.95681,2025-12-26,-2.919811,2025-11-26
2026-02-26,6.8409,-1.633475,2026-01-27,-2.360732,2025-12-26,-3.310201,2025-11-28
2026-02-27,6.8579,-1.271199,2026-01-28,-2.108313,2025-12-29,-3.069921,2025-11-28
2026-03-02,6.8821,-0.991224,2026-01-30,-1.587279,2025-12-31,-2.657709,2025-12-02
2026-03-03,6.8996,-0.739462,2026-01-30,-1.260787,2026-01-02,-2.321762,2025-12-03
2026-03-04,6.8969,-0.71117,2026-02-02,-1.299426,2026-01-02,-2.467687,2025-12-04
2026-03-05,6.8912,-0.670251,2026-02-03,-1.380998,2026-01-02,-2.523481,2025-12-05
2026-03-06,6.8965,-0.648275,2026-02-04,-1.309388,2026-01-05,-2.448512,2025-12-05
2026-03-09,6.9066,-0.464057,2026-02-06,-1.101167,2026-01-08,-2.21851,2025-12-09
2026-03-10,6.8766,-0.896409,2026-02-06,-1.441839,2026-01-09,-2.652888,2025-12-10
2026-03-11,6.8655,-0.787572,2026-02-09,-1.600929,2026-01-09,-2.726023,2025-12-11
2026-03-12,6.8689,-0.603421,2026-02-10,-1.552199,2026-01-09,-2.635085,2025-12-12
2026-03-13,6.8961,-0.237251,2026-02-11,-1.104243,2026-01-12,-2.249532,2025-12-12
2026-03-16,6.8955,-0.18095,2026-02-13,-1.012059,2026-01-15,-2.076203,2025-12-16
2026-03-17,6.8863,-0.314129,2026-02-13,-1.173921,2026-01-16,-2.226292,2025-12-17
2026-03-18,6.8726,-0.512449,2026-02-13,-1.370531,2026-01-16,-2.383387,2025-12-18
2026-03-19,6.8998,-0.047805,2026-02-17,-0.980181,2026-01-16,-2.004005,2025-12-19
2026-03-20,6.8857,-0.252061,2026-02-18,-1.182532,2026-01-16,-2.204264,2025-12-19
2026-03-23,6.8807,-0.324492,2026-02-20,-1.281205,2026-01-22,-2.095902,2025-12-23
2026-03-24,6.8918,-0.163695,2026-02-20,-1.023969,2026-01-23,-1.745032,2025-12-24
2026-03-25,6.9011,-0.028972,2026-02-23,-0.890408,2026-01-23,-1.612443,2025-12-24
2026-03-26,6.9107,0.402441,2026-02-24,-0.752538,2026-01-23,-1.364486,2025-12-26
2026-03-27,6.9116,0.617248,2026-02-25,-0.612579,2026-01-26,-1.351641,2025-12-26
2026-03-30,6.9119,0.787413,2026-02-27,-0.519574,2026-01-29,-1.203528,2025-12-30
2026-03-31,6.898,0.584727,2026-02-27,-0.76248,2026-01-30,-1.359912,2025-12-31
2026-04-01,6.872,-0.146758,2026-03-02,-1.136527,2026-01-30,-1.731707,2025-12-31
2026-04-02,6.8856,-0.20291,2026-03-03,-0.940872,2026-01-30,-1.461139,2026-01-02
2026-04-03,6.8824,-0.210239,2026-03-04,-0.919914,2026-02-02,-1.506934,2026-01-02
2026-04-06,6.8778,-0.271152,2026-03-06,-0.864827,2026-02-05,-1.512157,2026-01-06
2026-04-07,6.8567,-0.577104,2026-03-06,-1.183202,2026-02-06,-1.998142,2026-01-07
2026-04-08,6.8287,-1.127907,2026-03-09,-1.58673,2026-02-06,-2.216654,2026-01-08
2026-04-09,6.8314,-0.657302,2026-03-10,-1.547818,2026-02-06,-2.089663,2026-01-09
2026-04-10,6.8278,-0.549122,2026-03-11,-1.33237,2026-02-09,-2.14126,2026-01-09
2026-04-13,6.8303,-0.954162,2026-03-13,-1.024489,2026-02-12,-2.109638,2026-01-13
2026-04-14,6.8157,-1.165876,2026-03-13,-1.336132,2026-02-13,-2.255844,2026-01-14
2026-04-15,6.818,-1.123921,2026-03-16,-1.302837,2026-02-13,-2.124605,2026-01-15
2026-04-16,6.8208,-0.951164,2026-03-17,-1.262305,2026-02-13,-2.113919,2026-01-16
2026-04-17,6.817,-0.80901,2026-03-18,-1.317313,2026-02-13,-2.168453,2026-01-16
2026-04-20,6.8172,-0.994815,2026-03-20,-1.244368,2026-02-19,-2.050317,2026-01-20
2026-04-21,6.8208,-0.942533,2026-03-20,-1.192218,2026-02-20,-2.05207,2026-01-21
2026-04-22,6.8275,-0.773177,2026-03-23,-1.09516,2026-02-20,-2.044476,2026-01-22
2026-04-23,6.826,-0.954758,2026-03-24,-1.11689,2026-02-20,-1.968951,2026-01-23
2026-04-24,6.8359,-0.944777,2026-03-25,-0.973476,2026-02-23,-1.826773,2026-01-23
2026-04-27,6.8228,-1.284797,2026-03-27,-0.264585,2026-02-26,-1.893738,2026-01-27
2026-04-28,6.8374,-1.073557,2026-03-27,-0.298925,2026-02-27,-1.566324,2026-01-28
2026-04-29,6.8375,-1.076404,2026-03-30,-0.297467,2026-02-27,-1.590386,2026-01-29
2026-04-30,6.8273,-1.024935,2026-03-31,-0.446201,2026-02-27,-1.7796,2026-01-30
2026-05-01,6.8276,-0.6461,2026-04-01,-0.791909,2026-03-02,-1.775284,2026-01-30
2026-05-04,6.83,-0.761362,2026-04-03,-0.888089,2026-03-05,-1.552388,2026-02-03
2026-05-05,6.8276,-0.796234,2026-04-03,-0.999057,2026-03-06,-1.640856,2026-02-04
2026-05-06,6.811,-0.971241,2026-04-06,-1.239759,2026-03-06,-1.827669,2026-02-05
2026-05-07,6.8014,-0.80651,2026-04-07,-1.37896,2026-03-06,-1.980169,2026-02-06
2026-05-08,6.8005,-0.412963,2026-04-08,-1.536212,2026-03-09,-1.99314,2026-02-06
2026-05-11,6.7948,-0.483318,2026-04-10,-1.078775,2026-03-12,-1.675687,2026-02-10
2026-05-12,6.792,-0.524327,2026-04-10,-1.509549,2026-03-13,-1.743219,2026-02-11
2026-05-13,6.7908,-0.578305,2026-04-13,-1.52695,2026-03-13,-1.59687,2026-02-12
2026-05-14,6.7851,-0.448963,2026-04-14,-1.609605,2026-03-13,-1.779097,2026-02-13
2026-05-15,6.8092,-0.12907,2026-04-15,-1.251541,2026-03-16,-1.430226,2026-02-13
2026-05-18,6.8,-0.249377,2026-04-17,-1.446419,2026-03-19,-1.493532,2026-02-17
2026-05-19,6.8145,-0.036673,2026-04-17,-1.034027,2026-03-20,-1.283481,2026-02-18
2026-05-20,6.8005,-0.244969,2026-04-20,-1.237347,2026-03-20,-1.486289,2026-02-19
2026-05-21,6.8025,-0.268297,2026-04-21,-1.208301,2026-03-20,-1.457316,2026-02-20
2026-05-22,6.7945,-0.483339,2026-04-22,-1.25278,2026-03-23,-1.573206,2026-02-20
2026-05-26,6.786,-0.72997,2026-04-24,-1.817235,2026-03-27,-1.211204,2026-02-25
2026-05-27,6.7788,-0.644897,2026-04-27,-1.921407,2026-03-27,-0.907775,2026-02-26
2026-05-28,6.7796,-0.845351,2026-04-28,-1.909833,2026-03-27,-1.141749,2026-02-27
2026-05-29,6.7662,-1.042779,2026-04-29,-2.107959,2026-03-30,-1.337144,2026-02-27
2026-06-01,6.765,-0.916867,2026-05-01,-1.751481,2026-04-02,-1.950838,2026-03-03
2026-06-02,6.7622,-0.957877,2026-05-01,-1.746484,2026-04-03,-1.953051,2026-03-04
2026-06-03,6.7692,-0.89019,2026-05-04,-1.644775,2026-04-03,-1.770374,2026-03-05
2026-06-04,6.7735,-0.792372,2026-05-05,-1.582297,2026-04-03,-1.783513,2026-03-06
2026-06-05,6.7655,-0.668037,2026-05-06,-1.63279,2026-04-06,-1.899514,2026-03-06
2026-06-08,6.7832,-0.254393,2026-05-08,-0.705565,2026-04-09,-1.358229,2026-03-10
2026-06-09,6.7722,-0.416146,2026-05-08,-0.814318,2026-04-10,-1.358969,2026-03-11
2026-06-10,6.7745,-0.298758,2026-05-11,-0.780632,2026-04-10,-1.37431,2026-03-12
2026-06-11,6.7756,-0.241461,2026-05-12,-0.764522,2026-04-10,-1.747364,2026-03-13
2026-06-12,6.7626,-0.415268,2026-05-13,-0.991172,2026-04-13,-1.935877,2026-03-13
2026-06-15,6.757,-0.76661,2026-05-15,-0.935374,2026-04-16,-1.877641,2026-03-17
2026-06-16,6.7562,-0.778359,2026-05-15,-0.891888,2026-04-17,-1.693682,2026-03-18
2026-06-17,6.7577,-0.622059,2026-05-18,-0.869884,2026-04-17,-2.05948,2026-03-19
2026-06-18,6.7686,-0.673564,2026-05-19,-0.70999,2026-04-17,-1.700626,2026-03-20
2026-06-22,6.7745,-0.294356,2026-05-22,-0.754468,2026-04-23,-1.702023,2026-03-24
2026-06-23,6.79,-0.06623,2026-05-22,-0.671455,2026-04-24,-1.609888,2026-03-25
2026-06-24,6.8106,0.236956,2026-05-22,-0.370105,2026-04-24,-1.448478,2026-03-26
2026-06-25,6.7976,0.17094,2026-05-26,-0.560277,2026-04-24,-1.649401,2026-03-27
2026-06-26,6.798,0.283236,2026-05-27,-0.363487,2026-04-27,-1.643614,2026-03-27
2026-06-29,6.7936,0.404954,2026-05-29,-0.493607,2026-04-30,-1.513482,2026-03-31
2026-06-30,6.7851,0.27933,2026-05-29,-0.622473,2026-05-01,-1.264552,2026-04-01
2026-07-01,6.7942,0.431633,2026-06-01,-0.489191,2026-05-01,-1.327408,2026-04-02
2026-07-02,6.7886,0.390405,2026-06-02,-0.571211,2026-05-01,-1.362897,2026-04-03
2026-07-06,6.7958,0.44786,2026-06-05,-0.082336,2026-05-07,-0.888182,2026-04-07
2026-07-07,6.7934,0.412386,2026-06-05,-0.104404,2026-05-08,-0.516936,2026-04-08
2026-07-08,6.8025,0.284526,2026-06-08,0.02941,2026-05-08,-0.423047,2026-04-09
2026-07-09,6.7921,0.293848,2026-06-09,-0.12352,2026-05-08,-0.522862,2026-04-10
2026-07-10,6.7766,0.030999,2026-06-10,-0.267852,2026-05-11,-0.749876,2026-04-10
2026-07-13,6.7795,0.249904,2026-06-12,-0.082534,2026-05-14,-0.531127,2026-04-14
2026-07-14,6.77,0.109425,2026-06-12,-0.575692,2026-05-15,-0.704019,2026-04-15
2026-07-15,6.7682,0.165754,2026-06-15,-0.602127,2026-05-15,-0.771171,2026-04-16
2026-07-16,6.7726,0.24274,2026-06-16,-0.537508,2026-05-15,-0.651313,2026-04-17
2026-07-17,6.776,0.270802,2026-06-17,-0.352941,2026-05-18,-0.601438,2026-04-17
2026-07-20,6.7668,-0.026593,2026-06-18,-0.524807,2026-05-21,-0.791696,2026-04-21
2026-07-21,6.7656,-0.044322,2026-06-18,-0.425344,2026-05-22,-0.906628,2026-04-22
2026-07-22,6.7725,-0.029522,2026-06-22,-0.323791,2026-05-22,-0.783768,2026-04-23
2026-07-23,6.7701,-0.293078,2026-06-23,-0.359114,2026-05-22,-0.962565,2026-04-24
2026-07-24,6.7719,-0.568232,2026-06-24,-0.332622,2026-05-22,-0.936234,2026-04-24
2026-07-27,6.7657,-0.47514,2026-06-26,-0.205027,2026-05-28,-1.048644,2026-04-28
2026-07-28,6.771,-0.397176,2026-06-26,0.070941,2026-05-29,-0.972578,2026-04-29
2026-07-29,6.7661,-0.404793,2026-06-29,-0.001478,2026-05-29,-0.896401,2026-04-30
2026-07-30,6.755,-0.443619,2026-06-30,-0.165529,2026-05-29,-1.063331,2026-05-01
2026-07-31,6.7509,-0.637308,2026-07-01,-0.208426,2026-06-01,-1.123382,2026-05-01
2026-08-03,6.7563,-0.475798,2026-07-02,-0.253931,2026-06-04,-1.044291,2026-05-05
2026-08-04,6.7532,-0.521462,2026-07-02,-0.181805,2026-06-05,-0.848627,2026-05-06
2026-08-05,6.7483,-0.698961,2026-07-06,-0.254231,2026-06-05,-0.780722,2026-05-07
2026-08-06,6.7488,-0.65652,2026-07-07,-0.246841,2026-06-05,-0.760238,2026-05-08
2026-08-07,6.7474,-0.809996,2026-07-08,-0.527775,2026-06-08,-0.780825,2026-05-08
2026-08-10,6.7452,-0.463359,2026-07-10,-0.448669,2026-06-11,-0.689046,2026-05-12
2026-08-11,6.745,-0.466311,2026-07-10,-0.260255,2026-06-12,-0.674442,2026-05-13
2026-08-12,6.7433,-0.533963,2026-07-13,-0.285393,2026-06-12,-0.616056,2026-05-14
2026-08-13,6.7428,-0.401773,2026-07-14,-0.292787,2026-06-12,-0.975151,2026-05-15
2026-08-14,6.7412,-0.398924,2026-07-15,-0.233832,2026-06-15,-0.998649,2026-05-15
2026-08-17,6.7399,-0.532763,2026-07-17,-0.424017,2026-06-18,-1.094724,2026-05-19
2026-08-18,6.743,-0.487013,2026-07-17,-0.378217,2026-06-18,-0.845526,2026-05-20
2026-08-19,6.7295,-0.551221,2026-07-20,-0.577667,2026-06-18,-1.073135,2026-05-21
2026-08-20,6.7225,-0.637046,2026-07-21,-0.681086,2026-06-18,-1.059681,2026-05-22
2026-08-21,6.721,-0.760428,2026-07-22,-0.789726,2026-06-22,-1.081757,2026-05-22
2026-08-24,6.7219,-0.738345,2026-07-24,-1.113628,2026-06-25,-0.944592,2026-05-26
2026-08-25,6.7203,-0.761972,2026-07-24,-1.142983,2026-06-26,-0.862985,2026-05-27
2026-08-26,6.7225,-0.638515,2026-07-27,-1.110621,2026-06-26,-0.842233,2026-05-28
2026-08-27,6.7198,-0.756166,2026-07-28,-1.150338,2026-06-26,-0.685762,2026-05-29
2026-08-28,6.726,-0.59266,2026-07-29,-0.995054,2026-06-29,-0.59413,2026-05-29
2026-08-31,6.7197,-0.462161,2026-07-31,-1.014937,2026-07-02,-0.628494,2026-06-02
2026-09-01,6.7202,-0.454754,2026-07-31,-1.007572,2026-07-02,-0.723867,2026-06-03
2026-09-02,6.719,-0.552077,2026-08-03,-1.025248,2026-07-02,-0.804606,2026-06-04
2026-09-03,6.7181,-0.519754,2026-08-04,-1.038506,2026-07-02,-0.700613,2026-06-05
2026-09-04,6.7108,-0.555696,2026-08-05,-1.250773,2026-07-06,-0.808514,2026-06-05
