day	commit	committer_time_iso	blob_oid	fetch_status	integrity_ok	n_entries
2023-09-06	c5151aa573b797ef58cf9d0532162ed14964002f	2023-09-06T16:31:44-07:00	289f8faf9e307933e044cdb3dd96e246533ba50b	downloaded	True	19
2023-09-07	0dc391594f062245c108e0cc4e0f61824bb4599e	2023-09-07T16:24:57-07:00	3291c1926743d86f55eb792a00e5b590cf1be948	downloaded	True	20
2023-09-13	a2c5fd8ada1a9ac2e712973713735834015ded2e	2023-09-13T15:49:07-07:00	c19df784e7290f660ca7972aa53a769e9ff21179	downloaded	True	24
2023-09-16	bcd02c7cbced06ea9169d4d0ce792d71dec483ac	2023-09-16T11:40:35-07:00	69fde5211c98976bd4d8bb34102aaeffcc07f760	downloaded	True	24
2023-09-18	b5a83be443fd98a91f06bc0a92d4589a96a04165	2023-09-18T15:10:45-07:00	ac6f2678a1ed7485ef0ebf021f0120ce696bd4e9	downloaded	True	25
2023-09-20	64793e7ed7becd6df5ee86c2d0e66e821a075f4a	2023-09-20T16:34:02-07:00	9a729b8fb15ee6c19899d5bd9b3865478fc25d1c	downloaded	True	71
2023-09-24	ce27213c04531ea47d3ad62dac62b57b435d06c1	2023-09-24T09:51:15-05:00	2fa5881a0d8049975b02e108f645066065cd2bad	downloaded	True	71
2023-09-30	42cc4e2464266a05d793f9b6e50610b4c335f07c	2023-09-30T16:49:18+01:00	bfc155d01c7c0ec004d4bcf6ec19c5f1632dfc09	downloaded	True	72
2023-10-10	a27d9ad6bc86cf1129d06feafa61c6b88c5c5177	2023-10-10T08:35:31-07:00	35fde6c0e295f8ac9db311e9d1c601d45f622c1b	downloaded	True	84
2023-10-14	8251e71a2ab58ac83b067be759011763ba137c67	2023-10-14T10:05:06-07:00	4782021d0b5e54884dd1b17c3616db01e05f11b1	downloaded	True	90
2023-10-16	c7a51839daaff9c500c5c6bb77436bed391c44e9	2023-10-16T07:12:11-07:00	e23a286d6bc067b70aeb0c9cee2a3583001df7ab	downloaded	True	90
2023-10-20	1bd41ab6368f3360d9dcd9314692da21c86f6bdd	2023-10-20T14:39:29-07:00	d8450a71522bcc8b95883c3a4b464189c2380c4e	downloaded	True	95
2023-10-21	09e6839ce5aa4319db6b62f2ad5c862a787ea930	2023-10-21T14:48:51-07:00	162982966bc718e1e093f8c9e39fb8592c5045d8	downloaded	True	95
2023-10-25	c1b25538277206b9f00de5254d80d6a83bb19a29	2023-10-25T09:08:10-07:00	84fc0b89091d5055606db0d17a3af05b46c4d8ba	downloaded	True	100
2023-10-30	78ea8e6c419c4dbab8e0daacfd4450457f8a7490	2023-10-30T16:45:26+01:00	520144f431f2714135426e2235fc48f6348a03d4	downloaded	True	100
2023-11-02	d09486f93b2af506a928ecacc4aba102b33aa46a	2023-11-02T09:18:26-07:00	ec496071fe5bd03e785726bd999ad510a2762b15	downloaded	True	104
2023-11-04	3976cd27d7974aad8f09d10df36bcfc2bd88f076	2023-11-04T09:01:08-07:00	fe66b9f9237a75a405fd2728bd008f73c9873718	downloaded	True	110
2023-11-06	7edb37f1a5be2d70095656b6ad167b32fc5268f2	2023-11-06T13:19:31-08:00	a32ac357a74d903506e922bf44886719f6a812f4	downloaded	True	112
2023-11-11	99395197f7ab3fe6d81e67b98f7279ea7a4c52d5	2023-11-10T17:17:07-08:00	776577747adf2063ed1e8663ecc26b0d0a287afe	downloaded	True	113
2023-11-13	fe7e3ff038ce0895560bc2edb79ee6c228a8970a	2023-11-13T15:41:21-08:00	d35a9d393da420c64566c95913fa4217cc840d34	downloaded	True	114
2023-11-14	672edeba958096df48c2bd2b6d03d4ee91d14ed7	2023-11-14T18:50:17+01:00	3b37c2bc51b4f5be0b243a4fe9dd154a4bf96775	downloaded	True	113
2023-11-16	d6ad62d793b8a295a039b6ed80f81a31bdbcdd33	2023-11-16T07:57:50-08:00	bd26eb71470dc35a37df7bdb109a3105d7a408bf	downloaded	True	114
2023-11-18	00bfbbf27a4757c1d0872c507d0e3f38d0812438	2023-11-18T10:13:03-08:00	25124a13e78b1f660f8b9f6e026cf26696bdb167	downloaded	True	114
2023-11-21	07bca4dcb18034e1f1823ccc49fbf0129997493c	2023-11-21T09:44:19-08:00	73dd208d34ae403effe39f6c5a95a1094966fba4	downloaded	True	116
2023-11-22	3e76d4b422cabf504a9de113eeb6c1b20ba1c9c6	2023-11-22T15:59:48-08:00	cd15188c7d16ec684aa8b5f9543c32499f39ff71	downloaded	True	116
2023-11-23	46fc8be4c82e2811b0c09cc61efb2cf64f6d0a52	2023-11-23T13:58:59-08:00	ff67038836b363f7155e81371ee8445d771206bc	downloaded	True	121
2023-11-27	b732d4c3949ba31c4556a3facd92a7d2f08c42c0	2023-11-27T09:55:53-08:00	48e1de68cc8c3caf59280846f389ad2351012cd4	downloaded	True	127
2023-11-30	8c1a9f1c4eeba21cd535e45cf8c7600b98635fce	2023-11-30T14:41:19-08:00	28a01e47fb413bb8b1129c97a379ea346274d221	downloaded	True	132
2023-12-06	5fcd6437e495d9ccb72b4424a3b37a7499022268	2023-12-06T12:16:57-08:00	ac500abdb40a1a0cca0ed0123e53df55cd757b9f	downloaded	True	134
2023-12-07	f1779ff4c81a97c51765e507f851e93983c90c0b	2023-12-07T01:19:59-05:00	454b2504ad765d8f547ea1e2586d071f57c72a5a	downloaded	True	135
2023-12-13	69c29f8f8692aa4be9d4ddc2b9bb5ba2a32daf38	2023-12-13T11:53:55-08:00	4b0bb2bfb9db05b013eb179bc69bf5a79eb4fe24	downloaded	True	138
2023-12-14	afbb7748fea332548fe381552aa2a6db34dbce9c	2023-12-14T19:27:43+05:30	f45ac27d7bc9c18ef8d4486e06654e47c578e88c	downloaded	True	141
2023-12-16	55e2beeaf198d66d5b13a1b685f43ed80dd74b04	2023-12-16T18:35:28+05:30	32d28e675623c6529621a489892f2837eca7a095	downloaded	True	142
2023-12-28	9777db67e2c787cc62ac8bfe3bbb45691ed1272d	2023-12-28T16:48:08+05:30	eccdf10042b0b72d8a6e3348607777ca1d6b9bc6	downloaded	True	143
2023-12-29	f47bc7dfa04a704cacce181ff0ce89a672d59358	2023-12-29T13:07:37+05:30	44085a2ed6d8b357e2bef187a3fa4bddd675e5ae	downloaded	True	198
2023-12-30	d0891579258023751f774ea61cb7c6005351abb8	2023-12-30T13:38:24+05:30	f3005759c7fba2f2da7d5c93f6483c50f4ebcc31	downloaded	True	206
2024-01-01	68844285569fe97cee14b4a674a4b628b212a72a	2024-01-01T21:41:09+05:30	865279977f735d78a7d0627f60014fec38f75277	downloaded	True	219
2024-01-02	a9f58ec1008ed16bda49227edf43433cfe3b373a	2024-01-02T12:50:15+05:30	6157834db54302bba953c3468091551e63a5f954	downloaded	True	228
2024-01-05	d2487c44ab6edcd3cfde538f9be0989c82b9656e	2024-01-05T15:19:45+05:30	5745b42479f2560950178740d78189ed46ac0b23	downloaded	True	230
2024-01-06	5fd2f945f330cbd2f066773b1431dee669f7a510	2024-01-06T22:36:22+05:30	2cd1f22176e233da5166930adb24177c91c8c6ea	downloaded	True	232
2024-01-08	2486f925236cb402d36d118cb9ee11fcb00036ad	2024-01-08T18:54:15+02:00	0a5cfe94478adbceec3aa2c850c604fb35958082	downloaded	True	244
2024-01-09	9d45c734751ff69659e5ac518e32f2b64a67a757	2024-01-09T12:23:57+05:30	b749fd9ed09ab4e4d575c6c226d9181dcab08804	downloaded	True	240
2024-01-17	40c0064172339329a43ef0f7840c4f35a69bf50e	2024-01-17T10:19:47-08:00	ac3637f2750cbc3922f723c0e74f36bd95ced432	downloaded	True	241
2024-01-23	3e8c8ef507c8491a4e1b9dcf82642c26a6bcd412	2024-01-22T18:20:15-08:00	7e5f66990930083ea6998910bdc9859647b945c0	downloaded	True	242
2024-01-25	4404f22f17d859bc8da22aa577bbcb35c3740123	2024-01-25T14:41:46-08:00	458ac05a4135484b60091430676e49134351db3c	downloaded	True	245
2024-01-31	855d27d2e9b19a9debdd42bc68d547c318c9c6d9	2024-01-31T13:23:30-08:00	112d1daa6ec30e5dc0a52cacf24c7f3f7fcb606f	downloaded	True	246
2024-02-02	9accd595313b04cd840caae483615215ae217d7f	2024-02-02T09:51:43+08:00	3f92c61d2c32ae252630fa7943161ce244295462	downloaded	True	247
2024-02-03	36416360c486a703e173ad240ec47a3526824fd8	2024-02-03T12:08:38-08:00	5838935a27b62169844084b786507e831a667aa8	downloaded	True	258
2024-02-04	7ee5d2e0d9b8e8dc8401f5505fd64c5036ba91a4	2024-02-03T21:12:26-08:00	5838935a27b62169844084b786507e831a667aa8	downloaded	True	258
2024-02-05	e832492423beae14755fc932b0e08f50cb6f82b4	2024-02-05T16:46:10+00:00	b6ded001c93a953595c408000ee0fa12368d6a58	downloaded	True	258
2024-02-06	b9e6f760ebd00175e90ec3087444e16f491ac27e	2024-02-05T17:07:57-08:00	4c28bdbe8b3528db38f86cc930608cba3c44b2e0	downloaded	True	258
2024-02-07	68926c652487cd60d3da3614260a7badfe73f872	2024-02-07T15:42:37-08:00	67688f2dfbcd6f34a9c07e83801da062698f6b94	downloaded	True	259
2024-02-08	e143eac6b5a8b62de10fcdf8b6a414cd3ce2b465	2024-02-07T18:22:31-08:00	e44f46ff84a0950d30ce65722668cb71d6ee056b	downloaded	True	260
2024-02-14	2bd056f525e0a1bd04deae4ba38ff72503eb290e	2024-02-14T10:34:20-08:00	7a7f154e3ce1eea550b870b16140e57ce140d1d9	downloaded	True	263
2024-02-16	db58a2412d972d4c0469e8da0b497f72dcf92005	2024-02-16T18:04:37+00:00	75d0ba55f33f40cb020cd15aaba2557be164b6a4	downloaded	True	265
2024-02-21	069e882dba4fcf81623f787219b3def05f0eac97	2024-02-21T12:54:22+05:30	897e9c3b26467fa8613c07ebe4d7406be25972e6	downloaded	True	266
2024-02-26	da4832d5a29515d966daf5118ce0f13837900dc9	2024-02-26T09:25:44-08:00	c55c164d38c5fbe34be9f23f55281b2b1062b7b3	downloaded	True	273
2024-02-27	468cd960ac53b302d90f7eebbf6366e718683b91	2024-02-27T14:36:33-08:00	6c663200d3389406706001658d29021e7933898d	downloaded	True	274
2024-02-28	66388f1dfcac200e7c1cb2f48dd8d8dce3fded25	2024-02-28T11:42:42-08:00	c4aa8169fd4d5df47b777f822c4e1c0ae4bb584b	downloaded	True	275
2024-02-29	43b66d562e2e9876bac1e57abe438d73c4006001	2024-02-29T08:33:34-08:00	15b969980801473752e3f8314427252d8c79448b	downloaded	True	282
2024-03-01	b3e18d2b4270bbc516590616201129a591480037	2024-03-01T11:06:26+00:00	66061acc4e9e3694231c6aa59660c52783c6cf2b	downloaded	True	288
2024-03-02	bf92f84b001391f8c7f97da924231f46a38b7591	2024-03-01T23:53:16-05:00	13e54bdf99d09a3b0ce9beeee97d0cb6a642dd81	downloaded	True	290
2024-03-04	14fc8355fb1ce89a143ebb7b3171dfa19cb46d4e	2024-03-04T09:23:13-08:00	23afaf04d6cc4467cd8ec9088c1b4b9743d93132	downloaded	True	295
2024-03-05	0ac652a771a25f051fd3f3234aebc333184a36d3	2024-03-04T17:15:47-08:00	111b9f8c3cb1b81d245ce1dd505af5ce2d7b7df5	downloaded	True	296
2024-03-08	321769a74dbaa2c8d7dd94688a64a568f235c883	2024-03-08T13:50:38-08:00	18c4b0d9a0f19405b3e499b8d4eeaac51d938895	downloaded	True	298
2024-03-12	a18c94162133c3219727c1fdb538d703afbb6120	2024-03-12T12:44:19-07:00	276b74adeba0227b50e4eec5b7ce37d0f66bade6	downloaded	True	299
2024-03-13	9fd6ac04c527bf60c77ece12e716b4f466d63d08	2024-03-13T16:46:50-06:00	7d627d843454ca727bafad5cc76b1b7f02f91054	downloaded	True	300
2024-03-14	8f4a99e35e63d893285b30019c076884a9567ac4	2024-03-14T15:05:59-07:00	ddacbf05c05f95f610738bbe66e171d75b700e57	downloaded	True	303
2024-03-15	a9634b717c40d9c651242f8df82a40cd630ecd79	2024-03-15T11:50:19+08:00	0a90c91ca2100c959bfe18b3215dfe571db565b3	downloaded	True	304
2024-03-17	f3c0b530b8709ac63b6ce386a2c8dbbda368a624	2024-03-17T16:01:40+02:00	474458bfc1ab5766435e3ae90fc8c933ea36ce76	downloaded	True	305
2024-03-19	40c2c343be45cc5c711ab24102a3bd7bb7d2b273	2024-03-19T20:05:32+02:00	7cbece52838a32bdfd6d0a1f549eee008adaef05	downloaded	True	308
2024-03-23	05029fdcc77dc7e94b49436c37600a971b589fa9	2024-03-23T15:53:04-07:00	a9fc993c90dce1872b3f51aa6844cde34e120a84	downloaded	True	310
2024-03-24	eb3ca85d7e4eb9600b2bfc3e6ca3ff170064808a	2024-03-23T18:03:30-07:00	d24d5a8ee82ab236d89edc16126c2598103078d7	downloaded	True	308
2024-03-30	89471ba4c5c8746c292cdc107c43badbd326fafd	2024-03-30T08:37:06-07:00	d3eb93d726704d57f6d4527be3743b70a04c3a49	downloaded	True	308
2024-04-03	62caa7e858e00acfb97f9195d06ed16cd4abbf2c	2024-04-03T10:48:14-05:00	f79a0cd0e97cbb48d167a4283778714f6b305d5a	downloaded	True	308
2024-04-04	be265fbb151a711c7ba67e469ae143d4951169dd	2024-04-04T16:58:51-03:00	e531d725a2f71d15e7904289383272cfb52dcbe0	downloaded	True	309
2024-04-05	2174b240d85ffaf69bf7db3af51223a8e75446a1	2024-04-05T15:13:35-07:00	56aa7f0369f32b1af9faca1f299727747130021b	downloaded	True	311
2024-04-06	e424a294a5dbd36e5c138778079226d02939b05d	2024-04-06T09:23:09-07:00	478da194bbfd23562ba59f24895a4f6b7fb821b2	downloaded	True	319
2024-04-09	17111d2f470798753c75a6dc235660a1f17f881d	2024-04-09T16:02:35-04:00	6788f82a5aebffb28c4384809034ef3a7f712fa2	downloaded	True	326
2024-04-10	7f137bc9092875041f9513f3cbe2ff66246d2859	2024-04-10T21:48:56+00:00	f063e8f811e573c726ceec56b59691deb216226f	downloaded	True	329
2024-04-13	531eef359de8a6e60aac3d0b9656d62b5b3320e6	2024-04-13T13:00:12+05:30	39fe0ea381ded581221361129172bb4e47546a71	downloaded	True	331
2024-04-15	a15f61cc059f7341aa9e3c37c75f56ee0d91def5	2024-04-15T08:49:52-07:00	4298ed28b3e37cc34d3b7a2f0e9ccbe8923193ff	downloaded	True	330
2024-04-16	e74f25b8bb0f634cf1135ad67ca66d4c11db929c	2024-04-16T18:02:24+00:00	3ace04f7008e459762e1bca11ec126197a79fae6	downloaded	True	333
2024-04-17	32d94feddd85a579bf673d9e4b800be91d46236c	2024-04-17T16:20:56-07:00	a88976ef3fe8b07794058a21cb3d6ea851f87722	downloaded	True	334
2024-04-18	bcdf24e5aabb675c0819199539325ba7d05eb561	2024-04-17T19:16:36-07:00	eedcaa493204885e691e0f5e181ef5e9ae443230	downloaded	True	335
2024-04-19	12bf4346ec9441b4a7fabac24d0901bf186bc708	2024-04-19T14:34:38-07:00	113f9413fd8770260996599aa3cec7b33bef20f8	downloaded	True	337
2024-04-22	0a021a6fa2573aa4ccc3254e874ae302bc8487f5	2024-04-22T15:07:58-07:00	c2c172bfe8b33506b3ad4f992a8875891ddcbb54	downloaded	True	338
2024-04-23	305d52614077c6f34efe3db3aeedc2bb0ed70542	2024-04-23T15:38:42-07:00	98cdbde92ead625f7ff3cdae8a0ad9e8040f87fe	downloaded	True	338
2024-04-24	7315bfd5de9dae4a24a15a22d00342ebef00f633	2024-04-23T20:01:24-07:00	b12edc262a849df70f63bbb67fae99ca1fad4983	downloaded	True	338
2024-04-29	dc5c17540600717de839112235f381467dee0e83	2024-04-29T08:20:44-07:00	b695d80866b184bc9369f885b592f90a3b9e44d7	downloaded	True	351
2024-04-30	398d503590e2dc61fa1e0b31fe6cd6ed9500ee8a	2024-04-30T11:36:29-07:00	4b15b8e323bec5309f75754cf4e468ffb6752ab2	downloaded	True	353
2024-05-01	500ac36bd93bfe257096d0b8f7d63daca80cab9f	2024-05-01T10:43:40-07:00	ce6f9b800feba8ce243ff3a4104e65e4a61dec66	downloaded	True	354
2024-05-02	77098e31e4f0cde2aa23bda9099c11e436b3e01a	2024-05-02T13:21:36-07:00	7fcd425bb51333c5478ca06bfc79763c759f5082	downloaded	True	355
2024-05-03	fbe412a3a6a61640793a24d4c919210175e2179c	2024-05-03T15:58:05-07:00	c7d5aae2d03b040c9c8976d782871b923f09e86d	downloaded	True	356
2024-05-07	9162f9c2c5410235de79b1a47cd94ce9e50fb122	2024-05-07T11:44:55-07:00	10c70a858dabf8b9676240895e939e4ea3246fcd	downloaded	True	358
2024-05-09	54c57450ab67c482fa1609fe33cf92ecfbe4f516	2024-05-09T16:03:22+01:00	a3a13ed810a3b2eeb1a90c60d25bbbf4e0e6ed9f	downloaded	True	364
2024-05-12	094f20121ad08e4fa28927629dce04244573b80d	2024-05-11T21:38:53-07:00	11e24dbdd301b6e30f45d0b2e18ef7824bb39de2	downloaded	True	375
2024-05-13	5dc3f157a64986ab5133713c54ff0a397fef3974	2024-05-13T12:11:15-07:00	0a262e3108ab0e3959f43d02896b63e833cfd7a8	downloaded	True	377
2024-05-15	e0152c0b61e6e4b5ca1a8ba914211599ea8e47ca	2024-05-15T06:20:51-07:00	e181e0ef32b5a54453858840d4325c09d59e00af	downloaded	True	381
2024-05-16	e9358684fbae053b674ed7d64b68245bfad8d9ed	2024-05-16T13:48:51-07:00	f78afb08c66d50b4aa7dd04cfbe484cce6cc7f7c	downloaded	True	388
2024-05-17	7b60fae6f96cf06d859950dd38520829e3b3b1bf	2024-05-16T17:24:15-07:00	f3db33c601ce43bdd1c6da0169a30092bc05c750	downloaded	True	390
2024-05-21	620e6db027a2fe7c2c9f50cce83fb9d58083be55	2024-05-21T10:58:16-07:00	bede36764e96fff6d82d5b408f4d37044a5abdd1	downloaded	True	390
2024-05-23	7fdb5aeb24d9193c659de2fbf37e285816e01992	2024-05-23T20:43:20-03:00	b18f8bf611f642d708f36408b9e653253cdf9699	downloaded	True	395
2024-05-24	e51ba6dca79f20280fc117aa2329180f5b80ecb0	2024-05-23T17:45:55-07:00	aab9c9af17253006926435c570c6a8005affbb66	downloaded	True	403
2024-05-30	3581d8ac8baa56bceb9f8c55a39f85b667a95542	2024-05-29T20:36:15-07:00	f090c5a3f67a3ba39e8e28b707858d8f0a4eb6b2	downloaded	True	403
2024-05-31	668c894e9a33f62d2758754cd73e37e0629441b1	2024-05-31T15:44:19-07:00	1daeea6a4470b3d9676fef7c40da24f24c30e608	downloaded	True	410
2024-06-04	0d16ecc956c0426a758c88ecf03dea1c8e197dcf	2024-06-04T08:19:00-07:00	3fe089a6b24f0d1f251a9ef1eb87aeb28ace6c6f	downloaded	True	410
2024-06-09	f3a845eff920f7d2ffb7d9a32956ce2c9bbd26bb	2024-06-08T19:56:35-07:00	f2b292c9288cc6ab9d421ba0ca443bde0f1676b2	downloaded	True	411
2024-06-12	3af2d7846ec9ef6c021a1c4acc7d1e95e467a3ad	2024-06-12T08:31:37-07:00	385dc2ead023f6e7c76e54a303d31eb7ecdca045	downloaded	True	413
2024-06-13	776c75c1e552174423d464efe030853471970653	2024-06-13T09:59:56+09:00	32ff570b0f77d942ce94399c372b0484f64acaaf	downloaded	True	416
2024-06-14	e09f220600f90f2bd6dc04fa69c267d1c82b4517	2024-06-13T21:24:07-03:00	98da8d69c0ce7e91d04786431b2592bd12128fdf	downloaded	True	415
2024-06-17	61d004018591139cb221d82f86cd2218b9e2b1fb	2024-06-17T16:57:44-07:00	f986876fa50c65caf7e5eaf9a6d83e8eb8d5a354	downloaded	True	415
2024-06-18	a117f1c66a353cdb0683b691f72ddf28ea9de627	2024-06-17T17:24:06-07:00	52ae8dae25f6de4c6665f673728a06d92ff5778c	downloaded	True	416
2024-06-19	5bcc22ae35ec46142c301958303f682540bf7480	2024-06-19T16:56:25-07:00	437dd48f262c749e13c7fb2c9abe825bc2ab5c55	downloaded	True	419
2024-06-20	db2cf5b5a53fcafce60e36dacb1e47f047f5eb5f	2024-06-20T14:22:48-07:00	74382415433518bfe74250192e9d6898dc4795c4	downloaded	True	423
2024-06-21	c4c7d1b367cb0eb43b08355070eac982f1c83f4e	2024-06-21T10:50:03+09:00	ef07d87ccb2280e6289178340a3fe9f8921ddf6f	downloaded	True	426
2024-06-25	8765e120f07c1720e8b98dd74006951d352e673d	2024-06-25T16:36:40+01:00	415d220f2143a224a4459acc6b7f29b5aa348afa	downloaded	True	426
2024-06-26	199bfe612fcfe1a6fae703aff4fde7ae9a9b3d24	2024-06-26T12:57:09-07:00	acd03aeea8c27b2879da9fde18daf6cc34835e0d	downloaded	True	429
2024-06-27	3dc578555c9bf22adf49e89715ea65552a9a051e	2024-06-26T18:10:09-07:00	415041dcbfae7895bff76593453fca0c284d92f9	downloaded	True	446
2024-06-28	8b1bd749ffec45b44f3b0f1a8c4f8bbf1370af7f	2024-06-27T21:58:54-07:00	92f97ebe54f29de4595f33cb2a4f70576f8881fe	downloaded	True	446
2024-06-29	05dfc63b8848376f7adee7411ba08f9e220cf292	2024-06-29T13:25:27-07:00	7f08b9eb19a4ea0ba79c00784f33df3df5993f57	downloaded	True	446
2024-07-04	5192b7ccc232baacd13344f3bec8b07d5529a304	2024-07-04T11:47:15-03:00	34b1613445ef3db2a84387ba4d2c32de434eabee	downloaded	True	446
2024-07-06	2452753e084e8134c0c484b32c63fb5f2950c5ba	2024-07-06T10:46:02-07:00	4f9242af4ba2d8a4d90bff79cb524f49b61fc8d0	downloaded	True	450
2024-07-13	b1be355d429ab1f3eb0ffb187705ad118cf5a5c9	2024-07-13T16:34:31-07:00	4278b537f3e6c9ac1a15ebc3d284929a5c04f3b0	downloaded	True	454
2024-07-15	cc906319ba2bb709b4187f9fe5e74a7bf3e02716	2024-07-15T20:44:16-03:00	60f812b2bb6d80fabc103f900066af7ec409ee5c	downloaded	True	459
2024-07-16	42f9b1255afd0f1065863bc9c5156e5e464607c3	2024-07-16T09:19:19-03:00	c9a92972cd21e0da99a0a5a3352164cff379f16a	downloaded	True	459
2024-07-17	d06456b16fc68242bed187b153b53d152b027686	2024-07-17T10:30:44-03:00	8803940fbb5c246c44684f3e5225cf8368c49fcc	downloaded	True	461
2024-07-18	f36c2061ebe8a522f60ae3ff203540e0246bc3b7	2024-07-18T16:47:19-07:00	8009d049deeabda85ad0e319698b090b382f30c3	downloaded	True	466
2024-07-19	f973bd8109bf535fadf425c2965d242608c87682	2024-07-19T15:11:55-07:00	e662402751c91ff9e7a074cad609acd7f5a4514f	downloaded	True	467
2024-07-20	48ae2603e48ce571a61243a74ec4869690490fa3	2024-07-20T16:59:22-07:00	f86ea8bd7597b928a34ff6926aece3d41f20bc2d	downloaded	True	471
2024-07-23	e14ef3eeda8d921ef3feaf3fae7bfe820ec69169	2024-07-23T23:57:50+01:00	4c6dd8fdbe5eee1b5f64f428e86ea7887f0e1f46	downloaded	True	474
2024-07-24	691c1a5355942423230079827c78a3caa8998c39	2024-07-24T09:47:32-07:00	08bc292c9bfa2d07e5f7685a65d84c18a7d95a60	downloaded	True	477
2024-07-25	5c4ee3ef3c042b40b438e87b22b563cc716afa6a	2024-07-25T20:04:03+00:00	66a5565f3bf578fa1f2251b4185125641be640c5	downloaded	True	482
2024-07-26	533426e876dc241f32362533e8d947e6523ba6cc	2024-07-25T19:36:18-07:00	d4985bffd4cd892a5eaedbffbcf4ebacdd0ff7a8	downloaded	True	483
2024-07-27	9efebc490d3d86b6effcc7b538e00298c6c477a8	2024-07-27T16:43:48-07:00	a6d66750cc96abaeef3fa06d4d999163c73a50fd	downloaded	True	487
2024-07-28	e3a94ac013f5a70f78aab03cb8023a959d128dc3	2024-07-27T21:51:26-07:00	d20e5681cf3c4445ad4d12fe291a0029f9e85769	downloaded	True	488
2024-07-29	8e24c3c945502b42216e366762ef522a92d637b7	2024-07-29T15:43:16-07:00	8a07eca34efc051cddb39c538f2015b435193112	downloaded	True	488
2024-08-01	a52ffb93654a22a2b17dac879a31c0eaa1d02071	2024-08-01T16:50:11-07:00	a510fd2630676bfd23b522fd58709181069aff1d	parse error: Expecting property name enclosed in double quotes: line 4792 column 1 (char 171772)	True	0
2024-08-02	fc3463e1788d35e6eebe678da257c2f5d9692891	2024-08-01T17:28:31-07:00	3139f050fdff577585bcd68d3d5446692e3a0112	downloaded	True	495
2024-08-03	57644be8577aaf60313d1a713c470fdae9a1503b	2024-08-03T08:56:25-07:00	c6e99f8054634d304c8bd1990f7232264c380ce4	downloaded	True	495
2024-08-05	e0c986c000838229a1d1713ac5aade69572478cc	2024-08-05T09:30:18-07:00	33f7253b36fe0930a58c6efe6fb6bc052360ad7d	downloaded	True	495
2024-08-06	51ffbbb3fafc735b7b6b98d4d755d1b02470286c	2024-08-06T11:39:20-07:00	98b0045ae6bb99396189a2640a25d9907ad9610a	downloaded	True	496
2024-08-07	84590465857b99bf09fa780bd67b786b74b8c4ca	2024-08-08T10:51:59+12:00	cdf58c41a4a76fa5ca4313205c8ef467dfb41913	downloaded	True	503
2024-08-08	5d664c0441098e17436546de6ca40ff47683de81	2024-08-08T09:11:59-07:00	c898ca65213b0f9afc8e5f8dd5fddf2e7b959137	downloaded	True	503
2024-08-09	c8997e39868ff0f6e9a1487c5135848ce8144e7a	2024-08-09T11:30:07-07:00	122b60e6b8913414fda5cdf68573c42a2dfab2d4	downloaded	True	509
2024-08-10	19bb95f781872df196ac069f88ddffa092868b83	2024-08-10T14:15:12-07:00	455fe1e3c59a2a2a3e786e08700ef4560fc401db	downloaded	True	509
2024-08-14	1faa931f26acc026406c0e8770bff59616e3cdcb	2024-08-14T14:08:12-07:00	d30270c5c8eff559c3a6f8ceb236acb973e45782	downloaded	True	517
2024-08-15	e3cd8e169b4b996b3633b048064ea135a07ca024	2024-08-15T12:27:51+01:00	0a3fd494c7c1ec42f05fb2aaabc56932e768d367	downloaded	True	428
2024-08-17	5731287f1bae7e9ab1289ef271a7a0b6c8f515d2	2024-08-17T14:03:20-07:00	2dc846df92a7cee1d1a81e1496d8898cf7bc2b6b	downloaded	True	519
2024-08-21	b2e182a42ca5bb74839ee3ad2c7d6afbcf272007	2024-08-21T08:31:21-07:00	0f483b083b6571c131abe9476033f61de1a4e66e	downloaded	True	520
2024-08-26	9a181067452874f028d38b397ec0762b0c737590	2024-08-26T14:41:47-07:00	4f5fffc521332bfd658d7726d72e4c25dd1f361a	downloaded	True	522
2024-08-27	3dee98dc47a1541f4575061c89f1af1a61ebd3a7	2024-08-27T14:20:06-07:00	2ce12f2aace0a6e2d025a1800dddb4e977b9472b	downloaded	True	527
2024-08-28	824a8b557b2dfdcb0144a62e551158317fa6e1f6	2024-08-28T22:04:34+00:00	392b9a92c45d52b836129d33d59afd7a5d534592	downloaded	True	530
2024-08-29	19db80ffebc14dff58486ba25992088ef183925d	2024-08-29T17:49:16+00:00	c84126092998ba34e2b4a05212c8a57d2511b199	downloaded	True	551
2024-08-30	fcdfaac84b67681239a79f43469d74333513d6e3	2024-08-30T10:50:10-07:00	5e6d0f2ab5ff89023317c500ed9b28bd1afc3880	downloaded	True	558
2024-08-31	4bd85b9d83b75bd669328b2b743f8f1e5e5c66a9	2024-08-31T16:29:26-07:00	daf2c502a92fdaf9ade9b580cf92ddcae7e676d5	downloaded	True	560
2024-09-02	2797b30a504916466dfcb0be68bca605a72c6392	2024-09-02T13:14:11-07:00	42863e8bc26c37c78cc0de5839c893867d6352ea	downloaded	True	563
2024-09-04	0268877f2874a85147b4d38090123008bcfb6b64	2024-09-04T09:40:18-07:00	fd5d8feadce947bafefa104a30effc7e209f65f6	downloaded	True	564
2024-09-06	21c6b2993e5652e2a47de2e13cc2cb9e6e049d1c	2024-09-06T17:54:23-04:00	2af58b3a9612347a65d73fd6403df8ed48c151c3	downloaded	True	567
2024-09-07	72e961af3c6e12a7e55f9744c35209164222a936	2024-09-06T17:16:24-07:00	487e187a3c065591b4cac75d93e7c5b41f323cf7	downloaded	True	566
2024-09-10	795b29dfc4613cd0930834ecd71fb9bb840c7cec	2024-09-10T13:47:05-04:00	ff2bdfa6b54fce1c1ec146c7f16ffe15762e8702	downloaded	True	565
2024-09-11	0295a2256117c574284794d180c7ee15245c69c1	2024-09-11T11:30:29-07:00	37ac239664cf026708012d4d8431604c93d70196	downloaded	True	568
2024-09-12	5c1a70be21734a632d1ece8e39fba8170f86747a	2024-09-12T13:33:35-07:00	adb1f0ac789862401a9193fd31ed28915bbf120d	downloaded	True	572
2024-09-13	795047c37fc1580f9a9b35265c390d18f401ee51	2024-09-12T22:16:10-07:00	09d39fb43b29e26b855de509cb03821633cc5c81	downloaded	True	576
2024-09-14	415a3ede9e4ef0a97f64f9126ec8ad637a8d8df6	2024-09-14T11:22:08-07:00	d501d85726f7eb09571820060126432bae01ba19	downloaded	True	578
2024-09-15	5fb270a559ab9ac26a1c0328ff822c0cc04418f9	2024-09-15T13:57:41-07:00	15c6c6c84be8dbd1fa8c12bf6d0b84d7546b7e7e	downloaded	True	579
2024-09-19	7e30bcc1289135ca820e1707f938f0002c129f16	2024-09-19T13:32:07-07:00	2ec96c7b20c7c0b3c45b692d821e2eea6a67412b	downloaded	True	587
2024-09-20	3933fba41fc51c2495fb1f4ce4791405e2b13968	2024-09-20T08:19:52-07:00	d83aeaaf7ef44b5a376edaee6381beef25ce19b0	downloaded	True	589
2024-09-21	4069942dd8c0e73dcd015eeb271ef6753148dfa7	2024-09-21T08:22:27-07:00	8772c3100322dde8bf798b208bb38f728e9d3406	downloaded	True	596
2024-09-22	8039b95aaf61d363a7f3f381d2071fe6a8e203e9	2024-09-21T18:51:53-07:00	9d5c35f3bcac418545f03940e1dc7676156b648c	downloaded	True	597
2024-09-24	d37c8b5c6bf42aa63c65ba5e185c2cf9b1582e14	2024-09-24T15:01:31-07:00	5aef89d45effb39ea77f339dcbdb0e51feb6e962	downloaded	True	598
2024-09-26	16c0307eab601b238f21021b9cba04b6957ad34c	2024-09-25T22:11:57-07:00	2831f1a5cc9286df1dddc5f2c51de89817859a51	downloaded	True	612
2024-09-28	0b30e212da36d5010f97ee6a965fda89691566c0	2024-09-27T22:52:57-07:00	e698fc5ba016aacf2fbdd4f77dee682c7fa35e16	downloaded	True	619
2024-10-03	db55098a33c8f44ddcbcbb866211b1e4515964d6	2024-10-03T18:06:39-04:00	5a18e703d52c24950ffe35033bb737c66fdd5593	downloaded	True	619
2024-10-04	fc6e0dd6cbb4322d973024a8a870d9b96e8b992d	2024-10-04T19:12:13+05:30	4a6e8b691161267c2200fd1c9fe7399dd14c8468	downloaded	True	619
2024-10-05	f2c0a31e3cb46c3d9586af454fef77adc670f64f	2024-10-05T18:59:11-04:00	7d060dd83fbe233fb50c902773228073c615048e	downloaded	True	623
2024-10-08	b68fee48a670708f02f22628e87f04844f326312	2024-10-08T20:20:58+05:30	0f1ad77a688a931e7e7b75f3cb209c61bd373a3a	downloaded	True	623
2024-10-10	6005450c8fe6f354c6d3dbcdc873ddc5c4025c70	2024-10-10T00:42:11-07:00	a7d9cdfdee1262f09f7af2b2eeb21ddf51c2834a	downloaded	True	623
2024-10-12	2acb0c0675d8758273d47b71e2c0c065b43f501d	2024-10-12T11:48:34-07:00	962c629d7b987ead45b42d17e744a31aa1f0db36	downloaded	True	634
2024-10-18	7724d5895c7c5fbd6fb1f983df8907785dda062b	2024-10-18T12:45:42+05:30	f517af7b5349a79c15c6f4a4a3b5d1e46dccb8b7	downloaded	True	636
2024-10-20	7cc12bd5c681642e3f49baf637c9b56c5d05a20e	2024-10-19T22:23:27-07:00	6944cdd300f730c8b10a6840274fc9e72f026af7	downloaded	True	636
2024-10-22	7939e930ff5b6451a03f1a7ee7c6a92e0704568c	2024-10-22T11:51:16-07:00	e63741804945bdb1dbc7aec8c61e89a3584d9001	downloaded	True	642
2024-10-23	cb2563e3c0e49e2c9187ccfc88fd05fbbbfe6303	2024-10-22T21:18:54-07:00	890ef868832bc087e89c352456bcfdeb0eb9baa5	downloaded	True	643
2024-10-25	c03e5da41ff4e8f112a02849fa2616696ae9b182	2024-10-25T15:55:56-07:00	fe8834dbb4622b8622380d99b9ebcf8effc9298c	downloaded	True	643
2024-10-28	f44ab00de2a92f7d4573f7426f5213317c842000	2024-10-28T15:05:20-07:00	8f833c129caeccd09d711a524d33d1c375f604bf	downloaded	True	644
2024-10-29	e16f780b7c5340f4c3270ef770ad031f9f8e9739	2024-10-29T09:02:42-07:00	9578ed9eaeacf1b4d7ffe3e66d20ccf0260f0b99	downloaded	True	645
2024-11-01	5652c375b3e22bab6704e93058c868620c72d6ee	2024-11-01T20:37:09+05:30	6bc873fc989394dfce62265ce6e7c8f9cad9e616	downloaded	True	646
2024-11-04	8ce53be4987df0e6dbc3883efbbed7f8668ffe25	2024-11-05T04:04:55+05:30	a37a431dc39db79a7d13e42aa3ea23e60fa41a4a	downloaded	True	653
2024-11-08	a3baec081bd08c5aaa725050b8e872f1a9a78991	2024-11-08T22:10:15+05:30	a9c65b2c9df3e4e55e30c5308dbdb098ff6cebd1	downloaded	True	666
2024-11-09	70aa85af1fc01d30934ee71a703b8d3982420d05	2024-11-08T19:51:35-08:00	e8aeac2cb116b38ca7ef9fc7df73687861508a8c	downloaded	True	667
2024-11-11	f59cb46e71401698ae5e40e8277223a76c4905e3	2024-11-12T00:16:35+05:30	48b25523e8bf88c78ce1af52cb5c907e8b99c8ef	downloaded	True	667
2024-11-13	e7543378b8b7c6ebb08afe28db64700a7b5232d7	2024-11-12T18:40:52-08:00	fb8fb105c705c1e6fafbaa6daa51c85fb1898f6e	downloaded	True	667
2024-11-14	7959dc9db3336c6e4a1fc7156bff25127227a601	2024-11-14T14:47:15-08:00	137818f649340a3b99b29ef3c1981383247c250e	downloaded	True	668
2024-11-15	0f7ea14992bc47182c63167c170118e7ba0f1924	2024-11-15T08:03:06-08:00	a0c116a2ded0fb0d63b09627fae739e87dbd2f07	downloaded	True	671
2024-11-16	73ccbc0f148e97f036cd660cc2da9ba6c661eac0	2024-11-15T18:08:28-08:00	50bbbf7e80268f63cf267bb51514d054ab74a1d0	downloaded	True	672
2024-11-18	b854f6c07b526ce1c1cd827c9a77df24b32081c5	2024-11-18T12:44:39+05:30	8274341239edee5a171367c41e8a4d0ee2a014e2	downloaded	True	673
2024-11-19	cf579fe644055c0011413ed6d902915920844a4b	2024-11-20T05:03:42+05:30	815672ff22b775d278d1598a9641f3d3246a196a	downloaded	True	674
2024-11-20	b11bc0374ee603fbf29325092aa0eed4e2d712fc	2024-11-21T05:20:37+05:30	606a2756b6a9d3ddd5cebb2d1e533b86dd3365d0	downloaded	True	683
2024-11-21	7e5085dc7b0219686282f3fe510300f1e8134dc2	2024-11-22T01:53:52+05:30	a56472f7f0b25a0d8b5a6d747a384bdc025d65f8	downloaded	True	689
2024-11-27	2d2931a2153a919f9321d595a774a08e1b371979	2024-11-28T00:01:38+05:30	ac22871bcc40e32beb3df26a7fcf10ea96843908	downloaded	True	690
2024-12-04	866ec245f532b1d3d68db0f11105a26177b5a362	2024-12-03T23:09:48-08:00	c673e1feded6882b9fcc5faaeed19c0cc7623b8f	downloaded	True	693
2024-12-05	5a81bcd88c16b3ec93e648c3aeb44f24a888106e	2024-12-05T10:18:52-08:00	3b2be52d92405aa34fdab182ce278c4de8a34ba6	downloaded	True	697
2024-12-06	c3d1a3f9031d3cf0eeedad3011c43cf1189a3aa9	2024-12-06T14:33:51-08:00	481b1fd2297657de9a49fe9efe72b420633733bf	downloaded	True	698
2024-12-07	4d90e8ad6276b009f33907ddee428feafa21dcce	2024-12-06T21:24:11-08:00	d88895559dd00ed6c082727f27606f8229b1a4d2	downloaded	True	701
2024-12-08	a6a7accce60c243e5f9a814ef9e393ed8acdad66	2024-12-07T20:19:02-08:00	6099e22f23531adad6912e6df2eefef55a9985d4	downloaded	True	702
2024-12-11	5ec649b5128e9092af820eadd996f9d8ecb63d59	2024-12-11T13:01:22-08:00	521ecc2273b03451c3c597fd5951af38136b40c6	downloaded	True	703
2024-12-14	0dbf71291e9ed261a15ada370668c3a6598ed990	2024-12-14T15:59:43-08:00	86aa0f8af54fa707a891c13acd1c76c7c046910e	downloaded	True	704
2024-12-17	f42b31b743492985403fbd67b6c2dfac0957443c	2024-12-17T15:06:29-08:00	f20fcb78b2802fe7ce7105c5b0f79e843ddacf24	downloaded	True	712
2024-12-18	d214d3cc3f9d6df8aabe99854598eb12d358f215	2024-12-18T11:20:38-08:00	10b1b2782b64fd60227c1db3e33b1825fcc83b2e	downloaded	True	720
2024-12-19	62b00cf28d3bd70e0fdf21942dd9892f90346720	2024-12-19T11:22:25-08:00	2a22c10456dcba32538b8828165fdb49a755951d	downloaded	True	721
2024-12-21	b52783445e65adc66cee88552fc9b552723d14fd	2024-12-21T13:14:01-08:00	bf6f78d1876377eb9f6de7fda48b2b3d41316d5d	downloaded	True	722
2024-12-24	c3edfc2c92c117281dc1a4039cf5d280f98548f3	2024-12-23T22:02:52-08:00	46949db512456989bc6bc00a79fd21b531ad8d64	downloaded	True	722
2024-12-25	3ac54483a7d1157db6860db0dcf06f2097a80a83	2024-12-24T18:07:53-08:00	1c655061766fb47b59b730bb161ab2f28893ba9d	downloaded	True	723
2024-12-26	760328b6ad3659c1d8b0264aa553722314434f7d	2024-12-25T18:35:34-08:00	3c09e6a71886ed232278454c618a1c62b77fd745	downloaded	True	723
2024-12-27	c258eb7cc7478302b25f20931e54206b38383efc	2024-12-27T14:37:21-08:00	99b49502c7b9a21c4e6aac65fb772383eb2f63b7	downloaded	True	724
2024-12-28	82a869a9b6e80457e3e45091e40438318384bca9	2024-12-28T08:38:34-08:00	515e7b8247890eee796cd1389ddd8582f7ad258a	downloaded	True	726
2024-12-29	406b7f43a8ba9312b2831fca4aeddcced54f3009	2024-12-28T17:08:43-08:00	2691ab062216ca255ad7d64be7df8b7554297ea1	downloaded	True	727
2025-01-03	4c6a1e6c9c90c71d60d567476a683e7489ec09ba	2025-01-03T14:42:18-08:00	cf55ed638c5d14c122cd80578859dcb7da30fb74	downloaded	True	727
2025-01-04	e804a1850edc2fa597080551dfe0ad4809d21f57	2025-01-04T11:21:04-08:00	49186b59df4fe1400609a4b76ec169db00b40d31	downloaded	True	728
2025-01-05	f7931b659b640bb683f268287f2b3b62c2cba939	2025-01-04T22:44:24-08:00	f8815e4f5c4bd1de35a3cd147a354a3a3ebbe940	downloaded	True	728
2025-01-07	b397dc1497b8e7942c1fb2d0fe1a8be51bf4f404	2025-01-06T20:44:04-08:00	b3c9904c9fa95e8afb8ff8f56137148198cb7457	downloaded	True	738
2025-01-09	3193cb3912c81c49ecb4b27c94c70b338deb1777	2025-01-08T19:06:04-08:00	b4f3952dca74d50f557c41f6685b537b2acec383	downloaded	True	741
2025-01-13	ec5a354eac890e827724ef86e0ec2212b16d470f	2025-01-12T18:15:35-08:00	c924fa4cea8bf94f05550f2927b3dff7f7bdbcd0	downloaded	True	742
2025-01-16	80d6bbec29ec3578fd9634399322b3a5c0b8f816	2025-01-15T21:34:50-08:00	1716a30a90e07930d4ca295f75a538ef5cc9c519	downloaded	True	744
2025-01-17	de41abeace4158c0668fac9e59df7580384f5fa2	2025-01-16T21:34:42-08:00	7cecd91e2067cf54fae10d92d8da58a11068bbcc	downloaded	True	745
2025-01-18	71c41f8f33200e943a35fa554a8bef73fa1910ba	2025-01-17T19:49:12-08:00	ed7f036bf94d5e9f703372b3761fb000b13f6dd7	downloaded	True	745
2025-01-19	d6e85f793620e2d506a404fcb09ae3feb18e91b8	2025-01-19T15:00:54-08:00	dee9858c455dd7e332d9c3d08d82853a3a078cbc	downloaded	True	749
2025-01-20	05f476d8c75e45ba79a089b669d59aab4097cb61	2025-01-20T14:16:04-08:00	e5e14984e111bb9707c42e8dfe3e54f48ed19494	downloaded	True	754
2025-01-23	cefbada875402e8386c31a3d2fc71dda3c5a5d8a	2025-01-22T21:26:52-08:00	9022558c432888aa8b0c03cfe1534286c4b67c40	downloaded	True	755
2025-01-25	1ab10d8f7239021176a4fe864eb907858f16be81	2025-01-24T21:29:37-08:00	e6842a416dc94a918092e4637e05752023857744	downloaded	True	755
2025-01-28	3a4f5b23b5025b87b6d969f2485cc9bc741f9ba6	2025-01-27T16:37:26-08:00	beea141d24c4b544938bfbaa20cf7d0b29ad7f2a	downloaded	True	756
2025-01-29	9c20c69915208f10466844b38c201d5ecfccc522	2025-01-28T17:57:49-08:00	55a50e04dd40807f418f61fe4cd8072856c2e34e	downloaded	True	758
2025-01-30	217776ed2319b37b35705147c8541841bfadfa4d	2025-01-30T11:13:00-08:00	49f3a0d1596836d088dd4ef7c89f9ac397e66abf	downloaded	True	767
2025-01-31	9f0f2b3f016a334a9e192e056f0c7f51da473f50	2025-01-31T13:30:06-08:00	80c70fc58f85da45ef8710c48f7c6c2d2399fd42	downloaded	True	769
2025-02-01	08e40352e9affddd08fc558c05ac765968d5e265	2025-02-01T11:28:21-08:00	5689201ece150e0e54eeb735f4fe3cde9ebb6614	downloaded	True	772
2025-02-03	6f11137d6f28774e2b69750981d10589175ecc64	2025-02-03T07:27:37-08:00	77dee5b3077ab2d3f12aca9873c31e968dd3e290	downloaded	True	772
2025-02-04	15b7fa36179f3d65c5da40e37b5cfd4be9008431	2025-02-04T14:23:58-08:00	f16de979847c3268953fc692fa367541157dff42	downloaded	True	773
2025-02-05	3a6349d8716c41065248cbd430e897e75d982bd6	2025-02-04T21:47:16-08:00	987ef948a57c597253565cce08b031b395ce13b1	downloaded	True	773
2025-02-06	bcfa641b819e9284d3d143009326b5bd7f10e84f	2025-02-05T20:49:26-08:00	71650cd42aaedaeb624d207346eea5574e9b9948	downloaded	True	776
2025-02-07	346d8a91320646c5b9da0623ad63978d1543ab4a	2025-02-07T08:25:35-08:00	df3f012832af586b4f49495328c4b2b8b87680c3	downloaded	True	779
2025-02-08	80b13007f62c2584de4e48f6012cd7e11ced0ea2	2025-02-08T09:20:30-08:00	62cd79a6707b4089c464de3b8e9b892252497d8f	downloaded	True	780
2025-02-12	dfb5a9985df52953934c8200577eb7c33cf0aaff	2025-02-12T08:45:29-08:00	309cb25ee00313c9e3bf375fea49d71193ed258c	downloaded	True	784
2025-02-13	305049a96827334865338e8f3e7f45ed8c1290a2	2025-02-12T22:39:29-08:00	30912186e53e9f3b7143db4357a82496d06ad607	downloaded	True	784
2025-02-14	125f6fff675d66a04d37b89c2dec9ddf5528edaf	2025-02-14T14:15:25-08:00	5eec1fcf2b8e87fe5b5463e7833a901245a1ae09	downloaded	True	786
2025-02-18	ea985dda0b46cefe75205ad285a22fe6310b51cd	2025-02-18T11:18:16-08:00	c2c4140933a30b5f297002dbd14b73e06b9bec6e	downloaded	True	787
2025-02-21	251467a52516ed908ae579077f484b4dbbdf01e6	2025-02-20T21:23:54-08:00	5e8d9353ad97f740122a0d6f82e69f687bafbc4e	downloaded	True	791
2025-02-24	2905ad98b34af19eccbbda5fc945836c16d95697	2025-02-24T12:59:00-08:00	81536a2d39f9e5ae68a6910c36b2aa906bc056cb	downloaded	True	793
2025-02-25	ef22209a15646ea537e0bea2a37c2d0d3eaf1ddb	2025-02-25T15:46:46-08:00	657ed4952aaa32c606e731f5916d75e866b1087e	downloaded	True	800
2025-02-26	07c0d26e68962f50942d80cfdd784485db5ca3a1	2025-02-25T22:36:07-08:00	0255a8b8904f392b5a968cd5756a09817a7c7434	downloaded	True	802
2025-02-27	ff553fedf81b83c4824b0af982641c5e24028077	2025-02-27T15:27:14-08:00	9296bfa4b46e968b92c7de26e759b27dee3c6792	downloaded	True	804
2025-02-28	1affd0f17842014f7b735f27ecf35ab34a7fecc5	2025-02-27T20:24:03-08:00	42ebef110e0257201033f90c65523ac4808efaf9	downloaded	True	804
2025-03-02	f63cf0030679fe1a43d03fb196e815a0f28dae92	2025-03-02T08:14:05-08:00	bd5738ca7bd4294f66cba9cfd2f6e58d044b5d5a	downloaded	True	804
2025-03-03	fa88bc96328fd8e313632fd80cb962297a056323	2025-03-03T04:16:12-08:00	961b55f49bf6a8d42f81e5836a5877458da0e9f8	downloaded	True	805
2025-03-06	af9f85e0d9e384e384a8b4618e779545b3e03fd5	2025-03-06T15:57:29-03:00	292c2a61932b74639dabec77d25fa331bd498d38	downloaded	True	807
2025-03-07	d3ececfc20f9948779e1055c2d15b430d735e7e6	2025-03-07T10:05:57-08:00	cb2322752bbdd622945a2af80e9d266d7a61ef22	downloaded	True	808
2025-03-09	b6eee013819448a7c0d58c49ee909654f16396ce	2025-03-08T17:38:24-08:00	cb2322752bbdd622945a2af80e9d266d7a61ef22	downloaded	True	808
2025-03-10	398020a7504f7250d31efb31fbbfe24210bc074b	2025-03-10T16:00:37-07:00	2e740a3ca339e9583405e44b249aef32de82a518	downloaded	True	810
2025-03-11	5d9d62bef376aa49420427c439ef98009d2194b4	2025-03-11T12:29:46-07:00	36eaa2f6425f33279bd39bd22ea5601f735749b6	downloaded	True	816
2025-03-12	1250ae6645948f3c0ee493e68265e0f516b09c70	2025-03-12T16:40:11-07:00	70f8623597d9c4e579d44f1de980c8b50c734dd1	downloaded	True	838
2025-03-13	f9a5109203f4c9cd10cfd674d9ddb229a1637447	2025-03-13T19:37:22-04:00	fa9c7ffbd5562c9b2c701cb137bd2bfc2cb2bcc5	downloaded	True	865
2025-03-19	0194c188207efe168e1d06333c44ee68e000a0cc	2025-03-18T22:34:58-07:00	1751a52d4f6d3c52bc6eea28d8ebb5b90496231b	downloaded	True	867
2025-03-20	056d34742f50e48c8c2190d101882f0297e34248	2025-03-19T19:53:19-07:00	f2ca9156ad417303c6e90ec047756583545920b6	downloaded	True	869
2025-03-22	b0e61152da2267606e55a5cc8c7dbb91a2fdc917	2025-03-22T16:58:48-07:00	61f2703f55a9ef642d15353931daa2c32e68b716	downloaded	True	875
2025-03-23	9fea7cec0066f9d348af30dfdd98f2248a5e41c6	2025-03-22T21:50:21-07:00	eefa73919813ff0b3b82408b096be8f851ebc7d7	downloaded	True	876
2025-03-25	0af9a5e8d007563d6db79171f802ae10876515a4	2025-03-25T07:51:42-07:00	a098e8bd7d3446ff89a79415effa36920bd8c5a0	parse error: Expecting property name enclosed in double quotes: line 4704 column 5 (char 178475)	True	0
2025-03-26	a97d0563b4bed0bbc686303f6d9e5011eeb2e457	2025-03-26T08:58:35-07:00	06f7238c01ffe8ee7adb28d1c9daf6783d28d12a	downloaded	True	880
2025-03-27	c0845fec1fa4a21758b405930d7568d4336d687f	2025-03-26T23:10:25-07:00	da780f8353cbd7bdcc81e1db0e1f9d0893af4788	downloaded	True	883
2025-03-29	5ac61a75725b8bf3679f392c775405f135044967	2025-03-29T00:23:09-07:00	4ce592d7b07fbb271ce7b4d82a0b0bba66c58f4d	downloaded	True	884
2025-03-30	5c107c64dd2197cd689c0e6485a430631074748f	2025-03-29T19:23:09-07:00	64525d660befb54dcd304ad141cb4c78792f45c7	downloaded	True	884
2025-03-31	dfb838eaff82301d4101d09982fbbb251bbc1ce1	2025-03-31T15:22:12-07:00	42bddca955c9b62908c2248d69627c8d4bac9afa	downloaded	True	885
2025-04-01	136f1d60b322326963c48b3585c9609972e19541	2025-03-31T21:31:30-07:00	28f8acd21cab714b536bfa096d9b04156e0d0e62	downloaded	True	886
2025-04-03	5785600c4ecd2a7dbeab794c70f43f020d0bbeed	2025-04-02T22:33:23-07:00	4c56210625f07f123871babfb4a26ffb9506b9a4	downloaded	True	887
2025-04-05	cd0a1e600006b2f021f5ffd8f4220b467987d4ef	2025-04-05T09:20:01-07:00	e345815fb27b09450f842828d0bbc19b19df1bfb	downloaded	True	895
2025-04-08	11389535d53ccb429876b744514afd89aa8d8463	2025-04-08T16:43:09-07:00	ea33bdb02b25000d921500225c1da60d9c17aba7	downloaded	True	896
2025-04-09	d5e362459cb5387446c0c5a07ddb55c386f653f4	2025-04-09T13:17:00-07:00	7e5be4dc6b3bd28a11d85766fe541b8f1d16ee16	downloaded	True	896
2025-04-10	ac4f32fb1edb38a20351637a89a365a941163e08	2025-04-09T18:48:43-07:00	c67c3b85af77dcb82cf732e8eb7038aff91ef5d8	downloaded	True	897
2025-04-11	2d6ad534bcfb85aae482ed5506b776a4c1f67215	2025-04-11T15:12:12-07:00	08e9a7791b9a3f2498d27d6fa9a2d5c84bb23090	downloaded	True	906
2025-04-12	93037ea4d3002318b78e5aeb97849fc07c8793bb	2025-04-12T08:20:04-07:00	4795c6d862b89627de5de75640ac2fe8d0bb1648	downloaded	True	906
2025-04-14	a2bc0c0f36ae3a1d7b8e34e760de6aeeb9af613c	2025-04-14T14:31:34-07:00	d42762355cfce14c26610de3ac80cf137ca82218	downloaded	True	912
2025-04-16	5c078af73895212e1d5b1e40d372745aa8ac50b2	2025-04-16T12:40:13-07:00	9918743bc9f69ceec73a98ea41dc8d05eb9cafd2	downloaded	True	916
2025-04-18	de3c2d14bff66048c313d5768d46e3577982176a	2025-04-18T09:44:46-07:00	4b0d657e05c7e27d81e1f2b3dada19c3d681ab5d	downloaded	True	920
2025-04-19	3c463f6715af996e30905a8482fce718461ad234	2025-04-19T10:02:25-07:00	40d399aa68282f7dbbdaa37958f723e31e7c1fe6	downloaded	True	921
2025-04-20	0b63c7a2ebefdb88f897f5548f55787eb69c79f7	2025-04-20T11:33:45-07:00	74cb44a4603600d11e664a2dd4f216cceb80ab84	downloaded	True	932
2025-04-23	36ee13251469f0e66185d90eaca32ebe135bc6c3	2025-04-23T12:20:55-07:00	55052761c785f725a9cb437cc970db1286c309ca	downloaded	True	942
2025-04-25	21e27b13e6dd030bc4099ec82431705912d8a1fa	2025-04-25T09:43:35-07:00	eb4b9f721e32e8d9ccb189eb6c31e0ef89896e1a	downloaded	True	943
2025-04-26	68c74bb342ceb1a2ac4f74dc4d7d8834e175d71f	2025-04-26T12:48:08-07:00	fdca26b0c10f298c29fca680f95dc101d884c365	downloaded	True	954
2025-04-29	72de453cc01e16d2e2cb5b6ab8e0e23f9c40d33d	2025-04-28T20:24:40-07:00	24d880197286b3a84684e2aefe9d87d3980dd2f0	downloaded	True	954
2025-04-30	d783190e04756092739dcaacf2df30b4929fe03d	2025-04-29T20:58:05-07:00	cd9e4c484ec4601d27e1d3fb92a97d775209c5bf	downloaded	True	968
2025-05-01	298a3574f4ceecae02bde28d671b740a1e777e65	2025-05-01T14:56:54-07:00	bf958815b939faf10c727da482e0e6ea32a9d021	downloaded	True	969
2025-05-02	9cc39af1316b21753e035250e0511539166492a6	2025-05-01T22:47:06-07:00	f771296c74b5f94ab6f42624d72b7ca5722d12e1	downloaded	True	973
2025-05-03	f52593486c4e74a0cafe9b4d795a4e53f70fafae	2025-05-03T16:29:03-07:00	e81ff3c57d204e1ee112d48e0fa7967d9dc9b6c7	downloaded	True	977
2025-05-06	3a7330900670b3800a69ea4538bb6010237eef4e	2025-05-06T16:06:24-07:00	24279d90214d39d321a4fd1312252ba532783428	downloaded	True	981
2025-05-07	ae10f3f82cc566097ec48b96b95e85c4b1dc0893	2025-05-06T22:20:35-07:00	2e473a68369487831b278e4be14020c8ac2f9ec6	downloaded	True	983
2025-05-08	c2ce9c537b453ee18b00f3e4d92e7c899504d58d	2025-05-08T12:46:13-07:00	dcda02f69471b2935a321e4e2a2b42dfe11f711b	downloaded	True	1003
2025-05-09	7372978c1a52911c95bb7ef8f491bde979a6a7b8	2025-05-09T07:20:59-07:00	d74bdf189f5aaa347dc71b2459b2c3a3a1d3b505	downloaded	True	1006
2025-05-10	a7550c0b3d02917730c6c08124273f356bcccd17	2025-05-09T23:38:43-07:00	37506746b3fcd5bf81745e8fff7bd8d9600d8501	downloaded	True	1006
2025-05-13	a6412cd98ad3162a4f5c10d99cfc0118c0a4eedc	2025-05-13T15:25:35-07:00	66a4db16db612bd8ebd4b7e5cf153ea45b00c401	downloaded	True	1009
2025-05-14	007524a97216f9ef30049bf964c3532dcbf5ebd0	2025-05-14T13:08:03-07:00	3c37b037729f3459aa8234793f9dd7d9fd517831	downloaded	True	1015
2025-05-15	41374bfa46180f5c039bbeabc0a980ef8e9042cf	2025-05-14T22:50:45-07:00	79a6aaab2e4b6bfc048536d9b31b73e3d8b5ce61	downloaded	True	1015
2025-05-17	cc626ad3ec5c7fd8e1515888d7962f11b0fd0aa0	2025-05-17T07:29:01-07:00	e7f63d18e134c42aff6e1f7b64727c052fdebe99	downloaded	True	1015
2025-05-18	54a0766ff9a7b8537f08262aedef4ad127f08f1d	2025-05-17T19:38:46-07:00	aec5d2e314c388031e28445f11d399767cb130c3	downloaded	True	1017
2025-05-19	fd40bc6ddd0740d738e27712626ac0ac50731fb4	2025-05-18T20:45:20-07:00	8ed64faceba93b4f19b5aba97c7023438fc5a50c	downloaded	True	1024
2025-05-21	089e13b4524b07c5b38c881c853fa8c44808afb7	2025-05-21T14:00:55-07:00	8d7d062b818c880a888ce2594dba88aab10795ae	downloaded	True	1032
2025-05-22	197c608078ee44f367bb7359837d0d7a69a992a2	2025-05-22T13:33:54-07:00	6e2f66c466b664eb8fee13b63734825848827005	downloaded	True	1043
2025-05-23	8c0054a77e862bbd11e9cb5f40063a6e2d0d696c	2025-05-23T14:57:36-07:00	c736b461b18d0ef2a5af28cff80e289c2bf68ee7	downloaded	True	1045
2025-05-26	f37a1a5854d2f2a579436a3596b65ef3e2ebe9b8	2025-05-26T10:43:35-07:00	0b679619747a681c8b019c796a7f4d3c72cf41aa	downloaded	True	1045
2025-05-28	56c32ef5031a4fcb5c87696a21f0df546a93282d	2025-05-28T16:42:28-07:00	47c6c0f754f74f3e4386395a3fbc1f6b6732b69c	downloaded	True	1047
2025-05-29	8fb2779c9e257fb7ff93d2bac2f0d57b50f1662c	2025-05-28T22:32:02-07:00	988000c6401267bfc7a4e042ac3a871e38b13f02	downloaded	True	1047
2025-05-31	06484f6e5a7a2f4e45c490266782ed28b51b7db6	2025-05-31T14:26:16-07:00	4432be88b604a4e1315638de71060123bfa00556	downloaded	True	1047
2025-06-02	94650c10fe7a4c7ddfa5150d34faeae7f8688955	2025-06-02T11:25:29-07:00	4e620285bdad21a146ec9281824dcb506091f29f	downloaded	True	1048
2025-06-03	d247a390bd37235ab3fdc91ce29762d230528eaf	2025-06-03T15:59:30-07:00	66c8daf18bd96aa150dc0da63444775e2dfc7cc7	downloaded	True	1050
2025-06-04	7bbd8262ed44d060f7ff4d98668efca46f57273d	2025-06-03T20:39:47-07:00	79f657e1d96b8f9e753acbaba737523a658ff9a6	downloaded	True	1053
2025-06-05	505d2fe0c794db9c5fd00e8e1ad8f9670674a727	2025-06-05T00:08:53-07:00	fa716e3e12b7f106a922adeae3516cf6f8a0dae8	downloaded	True	1052
2025-06-06	eb02cf1a2d705ca1a19318c798fd3f86632b53ff	2025-06-06T11:04:21-07:00	c976c316c87f608dae4045b905180d17bf799781	downloaded	True	1056
2025-06-09	abe4c8fe4ced3ff2cd2f365564ff61a1172abb9e	2025-06-09T14:56:36-07:00	888097582dd248434808537779223558cf263d2a	downloaded	True	1057
2025-06-10	56f481a47e2fc86266ebedd46c590f560d71db20	2025-06-10T16:33:11-07:00	b2425b469acc1a5ccf4881a80ba57ae9dd274b4a	downloaded	True	1063
2025-06-11	12a61fce4a21ac65011c842ac15230240fb22232	2025-06-11T17:13:06-06:00	6104e613c7385328e3580a0098f10de060a1bbeb	downloaded	True	1099
2025-06-12	6b9754e2aa8886e6e839eb5ea2a7b1fefb111e4c	2025-06-12T16:42:53-06:00	18b0326248b1101bd48b3be0dfc9edeba860a0fd	downloaded	True	1101
2025-06-14	0908618a1933cc359a6666305147e014acf9ecf9	2025-06-14T16:56:29-07:00	f7a56e121d2f118f6ebb8e22521a19ad1a547de1	downloaded	True	1107
2025-06-16	b21f4a3f7440b74f4f1da3ea57cfaf6b4cbb4c1a	2025-06-16T10:08:51-07:00	c159fdac6d9829fa2a999234393f6082db8f3347	downloaded	True	1110
2025-06-18	d7e53edc2604158c557c20cb0cfd3283c31afe45	2025-06-17T17:12:08-07:00	5fae9ae4ddef5eabedf8dea265a5991982e170a8	downloaded	True	1117
2025-06-19	5b6ba871a5c652826eef63e2d8a31c4372eb72f9	2025-06-19T16:38:17-07:00	23ca8f7c1cdc4a359eab70e5aa76aeac8bd9ca5d	downloaded	True	1119
2025-06-20	19f13c842ff8c176fd017d19362186861db99d9f	2025-06-20T11:29:06-07:00	0cfb903532d8a3fe7ca0064374d9f3fc79bd4c4d	downloaded	True	1128
2025-06-21	aaa41d1e24e15a8bb8f6ac2242ab50f761374f3a	2025-06-20T23:17:46-07:00	9d72f852de19690b3cf2875ab7491e123a143bce	downloaded	True	1128
2025-06-23	eacb4dfdef8845882b6f91f92a53a47abdafbbd1	2025-06-23T14:54:39-07:00	df91855d2570349d0848cbbead72a306492ac3ba	downloaded	True	1129
2025-06-24	a5ce1cd49b6e2975c2fdde59bf263a055916528b	2025-06-24T10:57:24-07:00	d441115f064e8127475ee41fcfb8d8a43b60de68	downloaded	True	1131
2025-06-25	1a4ad8bf18f3fa4e07e5c5b2cc901653a7e3654c	2025-06-25T07:20:13-07:00	8d72806c32b52014170aac30e6768041c2799a20	downloaded	True	1131
2025-06-26	0e96f412a117a92ac855cae1c77c459625c5e4a8	2025-06-26T10:41:03-07:00	d2a04d4ea132a475b95957dfbd1241756f21eaf1	downloaded	True	1131
2025-06-27	8bd1f8f6ab0f08eed9d45f758fbb70361ea925f0	2025-06-27T09:58:53-07:00	f45aa54da194f518d26bcc5bf03118f83a3bbe5e	downloaded	True	1135
2025-06-28	06c86d6130a6f0c1b2449c485dbbf55d607d15a4	2025-06-27T21:36:59-07:00	b69d9984f62ae4ddbca0da6ed1e1cf6a0f78830b	downloaded	True	1139
2025-07-03	d480cea8b0a40999a4a304ed450c3386fb77e0bd	2025-07-03T10:01:45-07:00	05f13716736b98a4fff9af69cd77c33179c58918	downloaded	True	1140
2025-07-05	df4700881800a79a8da99be92458e9297574be84	2025-07-05T09:24:54-07:00	bc19668e6a18ccb35fcae92f009fd91ff8d67d45	downloaded	True	1141
2025-07-10	6fa0da6ae261b8d728507bd046d8d60f1b8a82c9	2025-07-10T12:06:32-07:00	1a70808e60b8ccbe40e57e72b4404ee9eb8b8205	downloaded	True	1147
2025-07-11	0c8cbbe91b3b58f7d6872b5b99ad04eff6dcc258	2025-07-10T22:25:20-07:00	1f26d4b44ef1148c0630da0a2c10693dd6277513	downloaded	True	1153
2025-07-14	b757bb68f9c9c49fe76672594560ef1fd8d5980e	2025-07-14T16:37:17-07:00	514cd9b169348bfc9380822f5daababa5a170544	downloaded	True	1163
2025-07-16	c0935b9d584dc197d85370999073677adc164f39	2025-07-16T09:50:52-06:00	462fac06aef10eee03fa270c95cf20a46e7b8f63	downloaded	True	1164
2025-07-18	208484ce65141aab3700df991b64c1abe96cb77c	2025-07-18T11:56:33-07:00	b49680e30015e078af53585eee4d2ba26c02b018	downloaded	True	1169
2025-07-19	55f6460c35aa80c5f11ac6479a0a7e627c246e4e	2025-07-19T16:12:05-07:00	58ec3df9328653c4f3db69ffabde136dab636bab	downloaded	True	1201
2025-07-21	7bdb5593bf7524743698a9fc9177122bd5d86abc	2025-07-21T16:58:59-07:00	a28f3ab6ef1dc283f05971b2dc116c16df08d1f3	downloaded	True	1227
2025-07-22	b026f6b280064a7d374d1d86afd13412c6fe2614	2025-07-22T16:22:09-07:00	6ac7e4e1943b6ef5b0c6672a6672cf6015d08e27	downloaded	True	1210
2025-07-23	37c626a9a06f83718a8818a8776f402649b11a5a	2025-07-22T23:14:37-07:00	85792bdd09f4952306013761fb4c1dc817236a2c	downloaded	True	1244
2025-07-24	29475ab4b0948036a404aafe0cc9e81264b125ab	2025-07-23T18:47:46-07:00	c7c5978536b03cd3f41734900ef055430a7525a6	downloaded	True	1246
2025-07-25	94273dc8b72c77813bdc42f259d0f904363aab8c	2025-07-25T16:46:01-06:00	d339216b7360783457d425e1b3909fb0c0c3864b	downloaded	True	1253
2025-07-27	e8a374fc47b922abd999affc49061c1a40c0c2ec	2025-07-27T09:46:25-07:00	f027d8ec3d15e5a933849b6f6f15185017a44572	downloaded	True	1249
2025-07-29	83526803639efff0ce9a8e83ba5127cbfe694892	2025-07-29T14:24:33-07:00	ef4891c2686cb0029c0e66a06a2395b6a1a7bfc4	downloaded	True	1256
2025-07-30	9783a8aa7c7159efa0ad245e8f65de4839088e7c	2025-07-30T10:17:54-07:00	dee72d84a600a5e9d901fc8e4aaf4d8c56d7932f	downloaded	True	1604
2025-07-31	a973202cb1b55d12f1f06400563488230df455da	2025-07-31T15:47:48-06:00	45c93586e96166e24d564d5f86f1ecaf9e99ad3d	downloaded	True	1260
2025-08-01	fde381a39662aaf424a8a2d7961200dd9d0067e1	2025-07-31T18:49:03-07:00	0e839f092afd4cf4cc6ca5d6ac6e8d0d95d7dd5a	downloaded	True	1612
2025-08-04	779579a604b102ff92b2ae957c7f283c69cb2a19	2025-08-04T15:56:36-07:00	0656f6b260c13985dbc05b72b7bba4c970f70257	downloaded	True	1256
2025-08-05	475aa061177160bcc500f594e46905783d2d17ad	2025-08-05T14:08:21-07:00	d7ef624ae838aa0891c97d82e762e2e4991a7a33	downloaded	True	1264
2025-08-06	791c6126a451075c87cf3e8edf5f36a4dce73147	2025-08-06T15:14:36-06:00	786fd578ce8a4f0cf8d320e959fffe0a454a0fb2	downloaded	True	1270
2025-08-07	9b86d721d5c9c8065425873c60de0216d975ca2d	2025-08-07T15:26:25-07:00	5b9d96bd6dc2297ee92a1e634d10c4c67cf8b631	downloaded	True	1297
2025-08-08	f55666bf5f666f6f9f07e6380ddb59b81aba8995	2025-08-08T14:33:21-07:00	f965012781055515b89d102a4db1ad4f7d03425e	downloaded	True	1297
2025-08-09	0e53b1feab9c1ff0337d36bf0b7aae1ea9ba1a45	2025-08-09T16:26:33-07:00	7cfc9dea5acbe20a204f6bfda1babf676a68b04e	downloaded	True	1314
2025-08-10	184687157e053e106721f14b25cb22f896efe499	2025-08-10T07:38:35-07:00	28dec7cce906ebcc6214d911bbf75f6f8c14d21c	downloaded	True	1314
2025-08-11	95d9e30448b56d1757aafa1190ef2715158f78d3	2025-08-11T09:45:52-06:00	b3498b320019dd72e415d3fb5f5b3e8769686942	downloaded	True	1318
2025-08-12	828e3e3deb8eb8120172022f8311d2c464a392eb	2025-08-12T08:39:36-07:00	1001aca9c09eb9a2dbc11695b10d4820f515f086	downloaded	True	1314
2025-08-13	75bcfbb76a64525024f80cb5c53012f9fc4ef68b	2025-08-13T13:44:45-07:00	b0d8245136b69f7a902f29aa5c9b8f619a0e2896	downloaded	True	1315
2025-08-14	d9105a99abb7dab774b5c3858aebf0407cab83cb	2025-08-15T05:07:46+05:30	a39f81897baf59f46f20d8ff3dc83a722f711c9f	downloaded	True	1326
2025-08-15	790d2d08306189f97b5595aae8b59626ffcfd333	2025-08-15T10:57:39-07:00	38745497605e795cee06cba0220c1a43426ae496	downloaded	True	1318
2025-08-18	b42df63d17f7957b1cdbbba31b71c08480bceb21	2025-08-18T08:45:25-07:00	e54db3c2e1d5355a884ac6c7e66b53b46782be2f	downloaded	True	1318
2025-08-19	b5f0a7b49beecad23b458fad4c692e45382eee5a	2025-08-19T18:55:36+05:30	5ca23c9894ed3a046f266be7081ee5bef8041b06	downloaded	True	1318
2025-08-20	55dcaded7244a74a7f5a6d7625707427ea4c70d9	2025-08-20T15:00:33-07:00	3a1fe8001516253fa45f7ea8c6c58b379352bae6	downloaded	True	1329
2025-08-21	5978f252999d71d39009d61285d66ccc9d65c2f2	2025-08-21T15:32:31-07:00	8a03000539e1a417f4ddfb2224f85a9f5a3d1a49	downloaded	True	1335
2025-08-22	f239a0f78a6115ddd56872bcd6b832a13d00a1e5	2025-08-22T22:59:09+05:30	34becc959df1e17dcb00452574649817ba883240	downloaded	True	1427
2025-08-23	9750374081d171e13441a418263ab81cb36b6d1a	2025-08-23T13:12:44-07:00	a29d03f2c6c239ff14a5228c60abed69d7ce7c75	downloaded	True	1435
2025-08-24	f2bb1ce31ec51d67ae61b89940c77f82e1114fcd	2025-08-24T08:30:25+08:00	4484afa86aa3740beca2f6f84bb090621b268fb6	downloaded	True	1435
2025-08-26	5647757ab3cb95de34d094793492bf0a6b12043a	2025-08-26T15:04:02-07:00	0fd32d43aae48d19d8e5f8116f85a628e89bbe34	downloaded	True	1440
2025-08-27	d9f8eb27c93c9ec6e08f504f1e88077e30511245	2025-08-27T19:46:53+02:00	b33e3d9d9eb99b6e6d66873267b4f454d6c40f2b	downloaded	True	1437
2025-08-28	2d0a57a719f0e755ddf31aeb89f7e4cd8815d7de	2025-08-28T15:05:11+08:00	d7903c9a0a7b22db904ab9ed77c72d847429d12d	downloaded	True	1440
2025-08-29	607f425cc66d800d76a17e08aac1bddf0acd74b0	2025-08-29T13:15:43-07:00	b4a36750fa2169824abddbf1655aea470677e7e9	downloaded	True	1440
2025-08-30	fa4c833e58f8ab9a64a26f2232e01aa9f6499920	2025-08-30T10:29:08-07:00	4fb87dc186375077e823166d040158e5da0fedb7	downloaded	True	1532
2025-09-01	58ac3ecf84377544f078ab35e519059cc8b2e36c	2025-09-01T15:36:17-07:00	9abe3dc48fe38bcac8599be749a65f3307a223e6	downloaded	True	1539
2025-09-02	c821f1ddf1d5f7610d684e3b2b3270d5822d81be	2025-09-02T14:15:26-07:00	7cedffd93f3768d98786b07030b31d09a94d7384	downloaded	True	1539
2025-09-03	bc84b411f4990010b99b00bd01f15d075bd4aa2a	2025-09-03T09:46:08-07:00	a7cb09763d2b5cdb195afcaed1ffd78f6785b629	downloaded	True	1538
2025-09-04	23ae7170d1d8d766ac5e386f49d22a50054f806f	2025-09-03T18:25:43-07:00	a7586124509395bac8ddf30fca569a29d98d54b9	downloaded	True	1544
2025-09-05	d88771ca4913be2c4bf09fa644d529f7efaec18d	2025-09-05T16:22:07+02:00	46eb48d2d429e975651422c0b3e00095a96dc187	downloaded	True	1549
2025-09-07	ba10173ec74e7f634150d8d5a0fed71df43c5727	2025-09-06T22:10:20-07:00	c8b4cc4b7915aa2b60d287d13a63bb2bfa3c7d12	downloaded	True	1553
2025-09-08	890ee1abfaf6a127b752deb7053fd22b34561d1e	2025-09-08T19:17:58+08:00	e9a2b492f9340ba502b24aa9d115c2ee3c46a9da	downloaded	True	1504
2025-09-09	44dc6d3aef98fc0f57382f9dca71a257ddcfc446	2025-09-09T13:49:32-07:00	c1accdb1c3c415d471796a9ca43f075edd1bd97e	downloaded	True	1553
2025-09-10	667481e75b0196be0e2547c4857f23a2d89feb3a	2025-09-11T00:07:30+05:30	8cbcd0be0a477934bd9b5b2fb399234d7ef1a018	downloaded	True	1505
2025-09-11	258b674dbbe51256512cbc297a2ed2c49299d353	2025-09-10T19:39:23-07:00	c7fabb0ed9f7b3e61b5f43fe7648abc096710294	downloaded	True	1491
2025-09-12	ef9d1ddc40cdbff2cd61ca1dfad71ec8533ea6bc	2025-09-12T13:37:03+02:00	261fe9552d033f15a1634e5bed5f04128303d4fa	downloaded	True	1524
2025-09-15	30c3e7b3d350be735ad35f4d05a9e3ef27f1f35d	2025-09-15T07:10:20-07:00	96e19d022c91b24a3bde981f8d066aa83ba3f4e4	downloaded	True	1525
2025-09-16	470e1b7d2db1cff2978804c9ffc76c6a97519bfb	2025-09-16T16:47:51+05:30	777b2245fb71374b7dd2dabc194c98319ee73e66	downloaded	True	1539
2025-09-17	b8b30775a4c014530047a3e0b3603fd6451eb008	2025-09-17T11:33:23-04:00	ecb71297690a4ba0e77d8f0ea0a8ec9ba1c7f3d0	downloaded	True	1525
2025-09-18	36bedc69ff3b42f314c7dd4b65d3a36e1c2015d3	2025-09-18T11:21:35-07:00	da2700f7c2f26b2e565a3237226bed0231ec7040	downloaded	True	1526
2025-09-19	282617f2bcc75a223d023e9d0432b6ae3e614bce	2025-09-19T07:58:58+02:00	43ea3af320ff3e979a79459f744280bb50fa1df9	downloaded	True	1531
2025-09-22	fde4dcb0b8a773772f3fee5890519147d9a2ca4a	2025-09-23T00:14:11+05:30	aa30efd606ea49dd714dcd328235b0bb22e14b42	downloaded	True	1545
2025-09-23	fff1d1a9f985a067b7af51e62a41373ec8f0a0f1	2025-09-23T16:16:57-07:00	99452eafefb676ad000f8579476d017e7870bdde	downloaded	True	1550
2025-09-24	c6cb36186c60fe70f65d0f7ef50c20622cee008c	2025-09-24T10:54:22-07:00	3742693ce675592ea565c21c594597947828ed0c	downloaded	True	1562
2025-09-25	1585750c1b225a3b8f45310b45a79b928e502452	2025-09-24T21:45:42-07:00	e67dd3d34640908833126b96a3fbce1a9e06c644	downloaded	True	1562
2025-09-26	50f625433de80aef2a9acc1386fbe840d070b9c2	2025-09-26T11:19:52-07:00	e04c75655db149a34a82685061d3a6778138b964	downloaded	True	1572
2025-09-27	f8a64345b79395ed902279f0e663221d6c41e63a	2025-09-27T07:49:19-07:00	7aa362e494e0ca2d59ce3386b6139c6cb589f3bf	downloaded	True	1572
2025-09-28	ad29d2f9447a5ce5ffa243624a44c2b92f7b43dc	2025-09-28T14:06:08-07:00	8fc98e5d506ceeb8d0be388075870a8fd969b0d5	downloaded	True	1576
2025-09-29	05955042d57fcc32c73223221d69c8336ecd5994	2025-09-29T15:09:40-07:00	3987fe7e51114e751d6f814537dcb1bb983a3d2e	downloaded	True	1581
2025-09-30	862736e74b4b697030994078b42c98856ed9911f	2025-09-30T12:51:21-07:00	44e11863bb9fff2bf4d992ce9a36c8451397da56	downloaded	True	1581
2025-10-01	d9664a3ee49e0c5f7ee3f5bb552a349994daa708	2025-10-01T14:35:57-07:00	1d12d1a74a145eeec337df0c2263ff36a4b39ecf	downloaded	True	1581
2025-10-02	f2107a189dac354d27877cb281e2305dccc06ed0	2025-10-02T14:21:12-07:00	bae7c11e66c16ef6a103046532f94774387c6864	downloaded	True	1585
2025-10-03	4415b195d1ad03b4c127d99fdcea5f44ccc59889	2025-10-03T15:52:18-07:00	2ac2637bec10dfa6b7bd6d7fc3b70dc271c6ddcd	downloaded	True	1588
2025-10-04	cb385e080f41af040e86ecf79006ec914c5d2304	2025-10-04T14:50:44-07:00	7ed04dc79c9dd3d35b049f05195447fec92b5b54	downloaded	True	1594
2025-10-05	ba0dcfc001587f823dd84e38a2bf54500ac5e2f6	2025-10-05T09:25:39+09:00	4328149b65532408ce1fe297fe29f040ce7c5283	downloaded	True	1596
2025-10-06	27c64c90dcb38138a7d712acfbba32a454c1b71e	2025-10-06T12:33:05-07:00	fd09aca4c1ab6620449376b3939e99ea3a80dc59	downloaded	True	1619
2025-10-07	d71d801e4d960f9327bb30a9ad764d01587b0138	2025-10-07T22:08:12+02:00	bdfc4fd020bc6ff3f3917f324e11e8fc13eaac41	downloaded	True	1631
2025-10-08	e4317030bf6f8ab799803ff496c07c37875f2e88	2025-10-08T16:44:40-07:00	06cb67e56c50faeb32403f7a959ad3df9711ffd0	downloaded	True	1632
2025-10-09	22df8de01f81b3856c5477f4c1bab004f2e3005a	2025-10-09T15:25:22-07:00	6d49d6e7e2d8303d4426317c74d89d3404eef7f2	downloaded	True	1635
2025-10-10	a0e81a7f1c8ff5414a0e89f92e09272f220c8f50	2025-10-10T14:18:51-07:00	1dcb01cedbaaaa6b06b8310ba4d726b6c59fffeb	downloaded	True	1642
2025-10-11	328505dcdaae0853721ac42f4f4b9c88ded03495	2025-10-11T16:53:55-07:00	6b2de335f66b5dbc9a26ae49d032f7756bc56934	downloaded	True	1644
2025-10-12	e650f398218ff160d1206df9a0839b78d95ebd85	2025-10-11T17:51:27-07:00	645ecb9779f64a2bcadf5e7833abdee65c81a9f9	downloaded	True	1644
2025-10-13	732063074d282da439cc422727d196289d6b2b07	2025-10-13T14:20:24+02:00	0b0172bee6f02a21886371126486df2d773f6de5	downloaded	True	1645
2025-10-14	900a57f5b1f66a8a43e6b6c7348340717b1d685c	2025-10-14T16:56:36-06:00	27812d9bf357af2ff4b396ad1ce724383623cc02	downloaded	True	1649
2025-10-15	a87a3d0f95bc005b3b78cf1a835af072cb8140d1	2025-10-15T16:06:44-03:00	c965fa2092b57865fd60f72fe7bf50978b7b6094	downloaded	True	1645
2025-10-16	f98f29985467f9a66922818c0ac1a60055930b90	2025-10-16T15:10:02-07:00	8cab321c4dd6f92ed187ba8c4d8e98823a468402	downloaded	True	1660
2025-10-17	a8be3ae412c489acbd34bdb74e029db073ffabdd	2025-10-17T15:54:10-07:00	a3d0800fb4c4684ac0df18ad87e281c7bb1dfcf6	downloaded	True	1664
2025-10-18	d5e686b3e8e5c2acf199bebdedcc5d2cb0711037	2025-10-18T13:55:54-07:00	c6f8275a6a1207519b1d851bdfe40d76ab608d00	downloaded	True	1667
2025-10-20	41a6ecd5b64c2f8dcbee4d9f39c5e72d53e75c28	2025-10-20T16:11:36-07:00	255442d5cfbd4103b65e76956fc1bd2ce394f398	downloaded	True	1667
2025-10-21	353dfb1238866f627d90eb067ccdc22dc97c0dea	2025-10-21T16:17:07-07:00	f2e0208ade3c171ebc7b7032ec5bbe884cc23374	downloaded	True	1670
2025-10-22	69946bb35b633d015e9736d7a5246e5a6544a0ac	2025-10-22T09:14:07-07:00	f8d0a15178182b52300571b5a6facf6b4641d034	downloaded	True	1671
2025-10-23	3e4b5ef3a58dd53556ae1c0acaff2f8f439c87a6	2025-10-22T17:29:09-07:00	4804ae1de7426dd9f08071b6a6b1d7f3ee0d0b46	downloaded	True	1679
2025-10-24	bd76d86b1caef87be35025adf859632b74e92b9f	2025-10-24T12:58:47-07:00	3e1c4df8e3cc616e00d3479f71c37d421e25d27c	downloaded	True	1691
2025-10-25	346e036399e7bcef5ab7b856ca5349fcf98ed6fb	2025-10-25T13:45:13-07:00	03992da5fe6254b7d52bdebf2e641c670cb657dd	downloaded	True	1694
2025-10-26	70650a044c66dc266539cb0e9d8772e30ea4473e	2025-10-26T10:10:57-07:00	2eced0d909556d82ac36b7f92a1e61b9af224bb0	downloaded	True	1695
2025-10-28	2e7dc56895079b3e2747856e61c15307a7d655ea	2025-10-27T19:47:50-07:00	0623bc8a904acdcacee82998501b76824386f3df	downloaded	True	1696
2025-10-29	06449df9d3c0df4a3201ae619651be744d09af39	2025-10-29T13:15:32-07:00	5b3446721fc5d4fe581334635c2f5d25e2073077	downloaded	True	1703
2025-10-31	0d84c11bbead2f39247f727f3ddea5855d7d5e6b	2025-10-30T19:40:35-07:00	624dea84e195b41840ce0ded2d1dcc029e46cd19	downloaded	True	1704
2025-11-01	880bdddf42450e26a2370d6aeef882de5e18e1be	2025-11-01T14:07:38-07:00	e20ab6f564d4eb847151af018887f3cd0666be30	downloaded	True	1707
2025-11-03	71c61c274f479ba534f512d20f4117e4d7dba92d	2025-11-03T15:56:49-08:00	86af6995c7dc284e6493161a64402177b81ae845	downloaded	True	1705
2025-11-04	8a904a5481050dce3e4a86924529420529f43102	2025-11-03T19:01:00-08:00	ce88f616e504ca0330dd55d9fcbf2573dfce27a9	downloaded	True	1710
2025-11-05	781f9df883cab63703f9a994941b205965913d55	2025-11-04T19:21:44-08:00	99d7180c64f4446d718d2e1a0e2eee1d186e7b47	downloaded	True	1722
2025-11-06	11508c03391305296a8938a83de33a0ca52d9a61	2025-11-05T18:44:05-08:00	5b901946b39605f2e75f76a3019d57ab18b7ebf8	downloaded	True	1725
2025-11-07	940a72ceb08a99fa4531720f2cf1478d351f933a	2025-11-07T14:27:42-08:00	47d174417e9d39727b8437fb3179fbf8368ce176	downloaded	True	1726
2025-11-08	0a527bd1d817c63614c32a3ab53dc5092635d97b	2025-11-07T19:11:10-08:00	9f020fc1ebf9c599d93c61c98111b43c40cd9c2d	downloaded	True	1727
2025-11-09	e037d9315dec2ac60b5800e2e25e9deb2b1e3791	2025-11-08T16:03:51-08:00	f571dfb5243330cbc4c2ac8e7fa1ef0c87023f6b	downloaded	True	1731
2025-11-10	3289038089276f6f0bc14619a1e05723cead366e	2025-11-10T15:56:06-08:00	a887579a1ed92e4aa0b12574277f6aef3cfdea06	downloaded	True	1732
2025-11-11	6cab77f53ffd906ccda9c24b0b68591ba637d99d	2025-11-10T18:41:45-08:00	cd86772963fd16a6e0214ca5d322516c1df5aed6	downloaded	True	1733
2025-11-12	51dc4a84764bbbbf76c0f7c5ed350bcf9a3ea29b	2025-11-11T19:11:22-08:00	aa7774c43e79eb051412ba42e1a3bb1e5c8407d3	downloaded	True	1742
2025-11-13	ea80510f78e25cab0b930bb01e66243fb92a203a	2025-11-13T10:55:54-08:00	fa36e2d6088d8526dda7b2728eb41333e3ad52cb	downloaded	True	1747
2025-11-14	b1922e19f8bfc8580f45a445a797cc049bbbe271	2025-11-14T14:09:11-08:00	1c0ac1b4367517abdabd2761bab9587d4d5b8345	downloaded	True	1753
2025-11-15	a2e3b942dc12547581c3305f2cbc2f745d2c7910	2025-11-15T13:00:33-08:00	367f788dd34221ec15ea109f8ba7dd9a8f6b3bb5	downloaded	True	1758
2025-11-16	f9ecf5671561d84ca94919af3b2ee4ae7750adc3	2025-11-15T19:36:13-08:00	1ba1e73cb333b0abd3764f13be87cbb3a2515406	downloaded	True	1769
2025-11-18	9ec31bdd5b6c334f5891914e7fa7587230ec23fe	2025-11-18T11:35:56-08:00	351e01bc45eb8b11b962f8a26badc3ef49cc126a	downloaded	True	1774
2025-11-19	ffe00f4034ae2bde535226522b84a144746ba716	2025-11-19T13:32:58-08:00	e77e67bf70d51886bd59485b5e214a61eae9e5a2	downloaded	True	1783
2025-11-20	c3143e388e300c61d96de8162ea208f2f0dc2fd5	2025-11-19T20:24:31-08:00	b4b4f763860f247b2564c7504535ef4731afad2d	downloaded	True	1802
2025-11-21	1c65800f4a282b12a62f87bb892b0d41e3d00a10	2025-11-21T15:57:55-08:00	fb3d4c91710ca9e17283b305c1d6c370661cf7bf	downloaded	True	1812
2025-11-22	9817347013848999ec185f5ad29ef5cd44438f49	2025-11-22T10:46:12-08:00	b6b3eed35d0d87fadd20d75a9fca5ac61a3cca35	downloaded	True	1817
2025-11-24	a807fe4450b1f7a5f41be5762b8918761dd9dae2	2025-11-24T14:30:36-08:00	3b1a31d50183431184f0891b2e10865d8557eeb7	downloaded	True	1820
2025-11-25	70a13258477f2868cbae00919205af433fa68625	2025-11-25T15:01:22-08:00	ff8766003c4d55fe2f3e2c7055301bab9b40e8b7	downloaded	True	1825
2025-11-26	32617d1e723bd235caa2b8c168b498d263339191	2025-11-26T15:45:45-08:00	0287736af1b854bda0816068d2211e2cf781cbf1	downloaded	True	1829
2025-11-27	edfc35ddac1eff638142a33833596953e5b4d4b4	2025-11-27T13:08:03-08:00	8ef4d66381b52ea6c6f85238825c30e92cf45efb	downloaded	True	1839
2025-11-28	71f41352fa4e1f3e0109634afe74a82232193076	2025-11-28T08:14:14+05:30	f4f6b94fd18044b61c2e905b8c61fd4e7344ef73	downloaded	True	1839
2025-12-01	f434ca61ec0c637ba676fb90336ff154a992793b	2025-12-01T14:14:41-08:00	af63d1e259290e52636656fb064c4468d59aa18c	downloaded	True	1840
2025-12-02	6c188c5ae2fa36d8f7d479479e93037f5777c06c	2025-12-02T15:36:23-08:00	f3398e470d842c19c8456a8f7058426af6742b30	downloaded	True	1867
2025-12-03	566adebdec41d3f2790de33e43d93892f529f597	2025-12-02T22:06:51-08:00	dbaa60e0f1d10e2079d1445d88f84b7e6dcc22e2	downloaded	True	1879
2025-12-04	8ee8cad4f1f8f472ed7031e668a983cd89e02c3b	2025-12-04T09:26:55-08:00	d02a01e3a67bad740a1eddaabb68a1c442e7ee7f	downloaded	True	1883
2025-12-05	829b06f53fb948bf4c48d8b0a3b3acedef2fe441	2025-12-05T15:55:38-08:00	c26aada0a50e99a6794fc94c24bb41f955b2d3c8	downloaded	True	1887
2025-12-06	1a50a89cd3f282e9975cb2b9eb496e4286370efa	2025-12-06T14:43:55-08:00	e0df56dd7d766c5f2dbcd7ed96e6eb8e9625f773	downloaded	True	1891
2025-12-07	b4970f603302569ff1960730c7c21feb76c41284	2025-12-06T16:09:27-08:00	79a6d2de06a466e0d4c38b1fdc2649ce8a36d9b4	downloaded	True	1891
2025-12-08	601da4a3d1324bfcc9cc0eed94d073493f0f26cf	2025-12-08T15:25:23-08:00	f81bd214c5c8b663884218a3d77d2712e8659ee0	downloaded	True	1911
2025-12-09	b673177b22c3860ea878bc2442de2bb5bed69485	2025-12-08T18:57:43-08:00	549c3d6001860403f23aec5e72c641a225d780cf	downloaded	True	2143
2025-12-10	ad45fc7cce2e93c2b9eec02353e92ffe26ebf610	2025-12-10T22:28:50+05:30	9004541c6e63f49782295f98b57f860858725b30	downloaded	True	2147
2025-12-11	1d85242877b31b47568d32e9567e3443a121aa57	2025-12-11T17:43:11-06:00	24a9ec6464b24cc12a8aa26e999bdc8df2f83d2b	downloaded	True	2164
2025-12-12	ed28818f76357cfe285e4e3e14d4d833649c7e9a	2025-12-12T12:56:17-08:00	1ca26164431392eb377a52e913bdecf684949f4f	downloaded	True	2161
2025-12-13	7526fd1d9b1b0ee09cdee5720e1b9a97be299979	2025-12-13T11:35:31-06:00	00f27b34a08dd5ec042157f0a9356f73372426dd	downloaded	True	2170
2025-12-14	d8fc5c3a37fc77e5d88f5e15f4cbc1102d98aceb	2025-12-14T12:34:46-08:00	2af548ce07e487314e98e569c3602d6e137bb5e3	downloaded	True	2172
2025-12-15	174ab1fc667d061a60ed4ce184333322b4d5ebe7	2025-12-15T22:04:04+05:30	4b016bc6ca6beb95213bd37d6e7952b1d5d6000b	downloaded	True	2181
2025-12-16	58e081b6e04254a0f95cc38cec6478fdde208365	2025-12-17T02:15:13+04:00	56e81a0dc8bce0bc156c3139951cd75071422b22	downloaded	True	2212
2025-12-17	1d54c4502d4a90617dcd7d32a1d0110c1cf366e6	2025-12-18T02:25:42+05:30	ad2861df4e0732cf43e8b15ce13479e6cd72c549	downloaded	True	2217
2025-12-18	3f686521edc7c5fe925c9bf14fcfb05119d3eeaa	2025-12-19T01:13:04+05:30	0f5f61e708d5e7f9912afc2f9d136bb7fb1de8f7	downloaded	True	2220
2025-12-19	3761f38e437f2924a7e93645ab831312c317e33f	2025-12-20T00:23:15+05:30	8acab0d72d6fc4796ccdfe63a9bb069a29bcc42c	downloaded	True	2248
2025-12-22	2677d9d30d72fa5780480ca0a4675aef22897e81	2025-12-22T18:19:34+05:30	f4b42d1fd6e15478e3c51fdbb89452c91455c326	downloaded	True	2256
2025-12-23	c7e036692528449ca2c1d258450edacf5e3d5919	2025-12-23T21:53:53+05:30	513a4a554e062166a0f1f67a6bfdd60ed4d1a73b	downloaded	True	2247
2025-12-25	73af18ba2003b87e01d468f7f95c68e83ae53445	2025-12-25T11:09:05+05:30	17adb6eb6efaf035b56f19299770c4f5d8e6b04e	downloaded	True	2248
2025-12-28	f5024624d7b9fdc5fd888edffbb7b388f192b09f	2025-12-29T03:44:03+09:00	9eae448da971c9f7a8a5070b0cbda7f0a373c528	downloaded	True	2250
2026-01-01	825c12149f42331c80aafdc0ddc3ea896fe7d110	2026-01-01T12:48:49-08:00	5c668fc59df19c4776e9ffe0bc8e430b3ef2684e	downloaded	True	2251
2026-01-02	af27c7d7ff1740b468b4d39064b825b2769cfd06	2026-01-03T00:12:58+05:30	df286e6540a0c0322ec82fba3f1c19b60ec9e061	downloaded	True	2281
2026-01-03	9b1c5f7e360e7b448d9f16500e4ababba6f47b42	2026-01-04T00:44:19+05:30	81b4469f24c2f5b53129c141888d7f32719df5f2	downloaded	True	2282
2026-01-05	13db8e10dc96fa661cb3b1a52693d57cd35340ca	2026-01-05T11:01:36-08:00	56b965cddb41dee355acedde8a943376fbdbad0a	downloaded	True	2212
2026-01-06	762345172cdd4093ebb64714f28c49886f92335b	2026-01-07T00:00:30+05:30	90b73e4709cf4dfc4ea4db772df7e21f34d5fe50	downloaded	True	2306
2026-01-07	3430325919ef0809b85526494062edbf50bfbd66	2026-01-07T23:28:28+05:30	fb00f6364097c45f145fe13105bb385971a83b70	downloaded	True	2307
2026-01-08	86b71d4713e2697ade8f7d5e00ba54e8c9c1d395	2026-01-08T23:48:41+05:30	3c2c20b4dce0ca2ebb7b5b6cebf4c531744febe6	downloaded	True	2308
2026-01-09	0575bd2d1cebb6b829b7103376924bdeb8c7ff61	2026-01-10T00:48:06+05:30	2f34d2a7d3da07ff74b893c2975dcaac5b02a7ad	downloaded	True	2391
2026-01-10	0bc04ce129ed86781f332b4429a16eaa95a2327c	2026-01-10T19:39:04+00:00	89824ba13d4945b1d0f0dd67bdc7381ffbe81da9	downloaded	True	2308
2026-01-12	9a27a524249c486223268afb9b830c95f963348b	2026-01-12T18:27:57+05:30	ed218d50af76bd4394accf504eb85733c4f4d0bc	downloaded	True	2418
2026-01-13	a445d8a4b491a189bc01cc62ccbbf9be70903769	2026-01-14T04:09:24+05:30	39008d802be99dc1755ff93c8e763bcb1c4340d4	downloaded	True	2421
2026-01-14	62eee47618cc6549a484fc4096ab79ffa1a07b64	2026-01-14T11:49:40-08:00	a130aefa5de95c74b4a619b1366ae9b46168275c	downloaded	True	2424
2026-01-15	92827ead659e149e982490981d5674136a6ae328	2026-01-16T03:30:34+05:30	91708fa13f3fb058dfadff33d64e7a3c2b68f25c	downloaded	True	2427
2026-01-16	ce1a2c3209ef46e6f48565e561739cb2579dcbb1	2026-01-17T04:48:46+05:30	ec55c251a7015540614859d99b7cdd773dda5338	downloaded	True	2426
2026-01-19	2ba7d2e82193f5fe3f27e99e2a6e0b641b532c72	2026-01-19T10:41:28-08:00	87f3566ae81e965fe2d7f45fab61fd5b09d2b35d	downloaded	True	2427
2026-01-20	9e1275b76ce170899e304798bdb59a37e8fb34b4	2026-01-20T19:19:36+05:30	135b0d46ed08b0cbc1db69ee3b6b85d3090a7a82	downloaded	True	2432
2026-01-21	4106d24215b409e984eeb88816487bdad803273e	2026-01-21T15:48:15-08:00	d35f9b80cebce99f03310e95e811c5826aec67a3	downloaded	True	2449
2026-01-22	ad1edd38d5bde56435a867c8d3e4f8760be0e8ea	2026-01-22T17:56:40+05:30	6d87e0b5997f9ca0199cbced872561d5fa672f40	downloaded	True	2455
2026-01-23	26a2c908183668fe48980340805886a6b0bc7632	2026-01-22T20:00:40-08:00	209c0794e50905c237b4758360e20df0f3b5736e	downloaded	True	2455
2026-01-24	31a8d76d11181e2f0f1af0c7807c15edf6e60351	2026-01-23T20:36:36-08:00	d958ea4503adb8c694283f0ed52a50fe32376b0f	downloaded	True	2455
2026-01-27	c8a93c7d81ff0b0b7dcc70c816403957d081c07e	2026-01-27T17:47:44+05:30	4ac4159558f84414b43a202489a25583e3221622	downloaded	True	2459
2026-01-28	3ab1b9f543e03af3ed1492eb5b17680307141e3a	2026-01-28T21:13:37+05:30	64f900484936f5503e7d8eed573c6033a20ab829	downloaded	True	2459
2026-01-29	fa54c241e0784eea132d143b0dcc7d6dc4020708	2026-01-29T15:39:17+00:00	81b8428e107c725a7259f88216b6e3e3b02f0be6	downloaded	True	2464
2026-01-30	a8054264ae39c26d3ac873a6319763330f531e33	2026-01-30T16:58:28+05:30	d874e6ba578bbd59173176ec4fc69dc9f1208021	downloaded	True	2469
2026-01-31	1f83aafe3befe4438f73ebeaea22409cabc8bdbb	2026-01-31T00:31:49-03:00	812e62c056a4333ae53a1b13d84ca24d352c6e8e	downloaded	True	2455
2026-02-01	76407bcf37dd2c5c8e372cdaaa5e6f68963ef027	2026-02-01T09:36:51+08:00	6acf24b050b773fe5da409803ffedb14aa7f6af7	downloaded	True	2470
2026-02-02	c4bbd56a56b3c9cf67ab14605961ce90b0729179	2026-02-02T13:28:57-08:00	485bee4f19144e295739dc98a38ba49d1c513efc	downloaded	True	2471
2026-02-03	ea19d8dbf6a8093554f8057a9c52db6f7c9699a3	2026-02-03T09:57:00-03:00	b9e48fd7e11d6ed7bbe5cb92e76022cf11f4ccfa	downloaded	True	2473
2026-02-04	18a524a1dc63aad8f8afd40a8cbdbaddb833e805	2026-02-04T17:56:48+05:30	6d399d25bf6cdf99bec5e108d9ba1f70897203db	downloaded	True	2476
2026-02-05	b7b48fd8ba789b4b60c5030890113b04e37e83e2	2026-02-05T18:04:54-03:00	48ac68287b79f7a747a3f1a36a4a9859a6413f0f	downloaded	True	2490
2026-02-06	786bd6ebc082c99dbfaed2531e64480fc8e33b7a	2026-02-06T18:29:14+05:30	0da47634a94447008aebdf9813668718007af205	downloaded	True	2492
2026-02-07	0a55571f75cc6cad02aa3c5722ddafa5377053a8	2026-02-06T16:06:33-08:00	4704549e716ed67459a22aeab8086e65c3a24d87	downloaded	True	2493
2026-02-08	4f96a3b126702a5203928ecf73b67c5fc1653a81	2026-02-07T22:57:59-08:00	5cad0db241ffa059e79561e21342404264816d72	downloaded	True	2491
2026-02-09	ef55d37bf01e88e4add93dbfb490b17cea76fcf3	2026-02-09T17:14:36+05:30	815d29c7964132125e7e677351ec5af8fa25c0f9	downloaded	True	2504
2026-02-10	a6f90586ac4a3c1efe97690ebafaa51a87c521f4	2026-02-10T14:46:40-08:00	d794aa50d2ec0072bff65432b965906a0b7a5080	downloaded	True	2522
2026-02-11	737f12f0c6ade0a8e00c1744e4d90f086fa0740f	2026-02-11T12:48:10+05:30	f6edcf7efd0695f9f04ce740258a284b58566cda	downloaded	True	2524
2026-02-12	9b32c516ad030f6edcd1677d162639d81a358adb	2026-02-12T21:45:49+05:30	7d0225af599d5000bb8fa132484ce43227256df2	downloaded	True	2526
2026-02-13	8a2bc265af2b289af395ee993a768e97bf324408	2026-02-13T18:32:12+05:30	e6b7cf17297ba1a493e3f037627ac6eee61e04da	downloaded	True	2565
2026-02-14	ad910de1e35a14cfdd8125e12d06cbb3177348d1	2026-02-14T10:47:38-08:00	95d8ba2ff60e1735d91e65cfe9f30071b8a3c32c	downloaded	True	2565
2026-02-16	9e8d1a2b4fa12228fea31bc59a43bde64a1e1405	2026-02-16T14:15:37-08:00	9ea9f39b1db521b1a35998cdd5975e4029326e62	downloaded	True	2566
2026-02-17	c7fbab4549669b81bcbce77bf071eb5b6e70a462	2026-02-17T11:46:44-08:00	9a9acb919868ed8ccc70821362d929acbfa1ad40	downloaded	True	2578
2026-02-18	f6d3919a66916cacb9d5032a6128b50f1af60972	2026-02-18T18:40:56+05:30	2c89e53ada9962d45df5f8ff266981315709b3a2	downloaded	True	2583
2026-02-19	26d27803eb487a1b6b7881e2bdb74775b23c824b	2026-02-19T15:17:27-03:00	0ee2d586f85640b0a4ebe0f7dd39be30f0e4e00e	downloaded	True	2568
2026-02-20	d001fe9a16917909adba0ab3a007c1766bc432ad	2026-02-20T08:31:52-08:00	034b80a58c8d9412bad6e5c50ec3ee00a84eb96c	downloaded	True	2594
2026-02-21	03ecdf9284c3f1135482c92dc8a07c7e17ff6d80	2026-02-20T22:24:58-08:00	e54eaf89d721068c75127c8b5630dcd54a70ac17	downloaded	True	2595
2026-02-23	5899e909fd161ff2959de883c657231d896dbe57	2026-02-23T18:05:03+00:00	a8de7f2056fcc8624c0296894bc58d7bf06153f5	downloaded	True	2602
2026-02-24	5219b1d0c3580df37b9f6f4c060110a27e856837	2026-02-25T01:29:27+05:30	e4d7a6a02f26dd1559a2c1de0020ef2e4379f429	downloaded	True	2598
2026-02-25	0d94ea6ae1c1c46d8091fc8a40fabcaad9b6311b	2026-02-25T13:31:45-05:00	677fe5df1c50e97336bb74e25ec24c8d0643148b	downloaded	True	2601
2026-02-26	f24a41898bba81bdb047e84fd66c1c9bc0f09832	2026-02-26T14:41:59-06:00	b21f23ac0224ea7ab5d0f180856fefe6cd807962	downloaded	True	2603
2026-02-27	7d084dfb9d034a04a267678e2bb7a1382fba1898	2026-02-27T19:07:31-03:00	f52288ea72a301ca983256f4efbacf2803e891c1	downloaded	True	2609
2026-02-28	29d1d0479f3ef7d897fbd7cb707b0744f727101b	2026-02-28T11:09:38+01:00	f785fbbbb6e57a0f42852db7ee8e6a8094e1e7e1	downloaded	True	2610
2026-03-01	13e74dd389ef131631ef045620b2c253b1178b8c	2026-02-28T16:00:00-08:00	cbd64a178b83f6ce2a928e36fd90b2943422b6ee	downloaded	True	2609
2026-03-02	835a2c3dc608418e91a46e0ccdeeeafc3f479428	2026-03-02T18:46:28-03:00	4c0694db371d246292c87db66a53d1538f0aea44	downloaded	True	2619
2026-03-03	7d65df351fd852f7b544e126c763825296c8d7a5	2026-03-03T23:40:41+05:30	3a2d6d1d1e2d4b7cb812c3b7c27ee993f3070977	downloaded	True	2669
2026-03-04	0909eee7444c70c778d3c19f56a9daa2873a9fcb	2026-03-04T15:13:09-08:00	1e0a7899422bcfc23a5d91661f764dc904c9dbbd	downloaded	True	2672
2026-03-05	20ce6ddbefe965218147ee704458a6592ce45c23	2026-03-05T15:54:26-08:00	6213d2c6e8a36c6d63877933269da28df028a608	downloaded	True	2679
2026-03-06	6034efb9c65c7d7cd2e2ea517c1a79020bea1e8f	2026-03-07T01:02:18+05:30	303cffb407d6daa4475274a9643431243de4ff68	downloaded	True	2687
2026-03-07	28c33f53a36af05a346573a2589bdc5100ab1d8d	2026-03-07T15:19:39-08:00	900894f74d66747596b312f925de4ede56025822	downloaded	True	2689
2026-03-09	b1a6ba77119031937ea6c373607233b02809a5c6	2026-03-09T08:40:37-07:00	177a2bf52e02d7cb23d94fd695194e30c555d57a	downloaded	True	2691
2026-03-10	e88dc2e428c5cb6b77e8799dfb441ad24c3b199c	2026-03-10T17:49:39-03:00	bb4a678b541856c33c6461ae4713d9e92dc58639	downloaded	True	2696
2026-03-11	1a3fdc7ae39193c264dcc817250e5a7aa7f9eade	2026-03-11T15:11:07-03:00	e4e96b02a8a16a40f8408937acb20f2316fa2091	downloaded	True	2579
2026-03-12	6bd7cd757376e8940dc011f2c51c04a1908fd720	2026-03-12T10:43:08-03:00	9b1d81fee40db049fa128f6545a26839966b6b7a	downloaded	True	2581
2026-03-14	a94b961c18995eb51bf07bbfb6386eb7eac91e33	2026-03-13T22:48:45-07:00	6786fc335950dbe8d9adbeaaad35774088530407	downloaded	True	2581
2026-03-16	5acceaed32e03c2c44e6c292ebc2fad83f3c0ba9	2026-03-16T11:49:21-03:00	1ab96a445d9e4503185a3ca161533b4941ccb9a2	downloaded	True	2582
2026-03-17	0ecea85bd0e6f4187f22176f7317d3fb1f498847	2026-03-17T23:27:01+05:30	c80d63723328d485bf4260e482caa766e738b3d4	downloaded	True	2583
2026-03-18	8e61b32b8e76b3318cd74532fa4dcf1af51803c4	2026-03-18T15:09:01-07:00	181045809f8c42a19dc5e205abbfb3b7eee9cc31	downloaded	True	2584
2026-03-19	fef4392fb346bc550b6d0f50cca10ae20228f80a	2026-03-19T22:59:35+00:00	1f9544413a7c5b6cf03893bad07a7a9c783dbd17	downloaded	True	2590
2026-03-20	00dd9844158c06da595a863c3c18552612068079	2026-03-21T00:02:15+05:30	c1ba4d88d4d609f2f13fdf36073dd5c6946eed3b	downloaded	True	2590
2026-03-21	72fba093c85d1a5c226da6f813ee14a539761850	2026-03-21T15:11:29-07:00	c53ee943c58cdd77f2c89b53dcc61e092be0b7cd	downloaded	True	2593
2026-03-22	21b9c68d42101e912d860db643610f1a322f0b96	2026-03-22T18:46:39-03:00	32ef8b5c26c55533c5ca986ca2d18547e63c7bea	downloaded	True	2593
2026-03-23	b8189ea1de1751ba14f797145e5809e852e96ff7	2026-03-23T14:40:26-03:00	012652fc734141b447414a6f4efd76e62efcb6f2	downloaded	True	2593
2026-03-27	8c2c6a40a6c4b22dabd43ca829b75f8822c312b6	2026-03-27T10:26:17-07:00	2010a8053b479a666432fc7890e1901633c00194	downloaded	True	2597
2026-03-29	92db2df2f676417fc616b9edd727b3dffaaf15c1	2026-03-28T20:04:47-07:00	d4f986edd9bbaab0e549c6bf79ed290425e3c802	downloaded	True	2597
2026-04-02	b7ccc5b691d90ecca83cf1b8ce12140022247634	2026-04-02T15:55:55-07:00	51b7b56a28517959eb9adcd4d4fca581a08db435	downloaded	True	2599
2026-04-03	c6aa3ea45226db5912170722a524bd5c89657c5b	2026-04-03T14:57:44-07:00	35fa2206761449e9b63475b863b65e6d058f3ebd	downloaded	True	2616
2026-04-04	b53cfe729abc3210b245a204bf2577713704dd85	2026-04-04T14:44:07-07:00	6da9a004b8a758fc5ba466d8544feff7c61677dd	downloaded	True	2641
2026-04-07	2bb7387a83fa7c3ab3c7750547c1a54d8159c68a	2026-04-07T08:49:17-07:00	cfdb2911fdf0cb14801303be80c85843c50c7209	downloaded	True	2644
2026-04-08	c68a19b8830110543e4948814cc6afad620929db	2026-04-08T19:50:50+05:30	9dc598dbc4f3f2ca0959e9f088045bd224cac1e2	downloaded	True	2645
2026-04-09	97f722f5586ef00787733e09c3631c8fe52ba8c1	2026-04-08T21:39:58-07:00	90ff7d1103c048594ff8f740d028cb30dcab4814	downloaded	True	2655
2026-04-12	ee06b9278a32617b8a66ed5cfe6abc13ea286f90	2026-04-11T19:46:40-07:00	0e7e2557d1e76cf83c2b82a25762e8215db25415	downloaded	True	2657
2026-04-13	fa605d85c01744d124e6f73b09e9017ee77c4ff9	2026-04-13T08:43:43+05:30	7e179db2a81c1c15835fb385ca8a69b6766cbe03	downloaded	True	2655
2026-04-14	db94b4d55c0cc1869659c5a988f895bfe2925413	2026-04-14T11:59:36-07:00	c624736d6bf365aef792ad2e1534a9c8f75b637c	downloaded	True	2658
2026-04-16	44c992416cfab1d911299ed6d57fa6ad974af1a7	2026-04-16T09:42:11-07:00	f8a45fef50aa752f87c40df31961e1a295381d63	downloaded	True	2670
2026-04-17	3ef362289bb89097c67d5bf7a90c9d92b6de97d0	2026-04-17T08:49:59+05:30	04b68b8f4ece972eccc3bba2116dea0d17dafbc5	downloaded	True	2671
2026-04-20	4f823cedac47473ea0dae58ccbe10d0afbb725d2	2026-04-20T15:25:21-07:00	72806369ea5247c832e4c9b6c8d310110abf9866	downloaded	True	2671
2026-04-21	a302613eb5fc9ea7539caafefeb06a23a08c941e	2026-04-21T15:41:58-07:00	386532f07a36c988c4a1cd963b4b1f9435d8c02a	downloaded	True	2672
2026-04-22	25c0aa8bfdd3c93894be37313deb93f70485b85a	2026-04-22T19:55:27-03:00	e9a2d8ae7af6e412a4275c780fd0689ca9d4be52	downloaded	True	2674
2026-04-23	3950f5ea72ffd176779e5929af138290cc4b7914	2026-04-23T14:05:22-07:00	8dcd52cae2ddaf5aafbba031df52cea10b597efc	downloaded	True	2677
2026-04-24	94f8f12a00d63253a78187699e585c74c49c08c7	2026-04-24T15:05:43-07:00	830988b7a2e4dbaf9c312e37ca091ced55e7afd8	downloaded	True	2680
2026-04-25	319193604cfccb1092a17f58ec4ca049115da446	2026-04-25T14:19:59-07:00	4d8f3a984f72ca794905a896eda14c66f0d3acfa	downloaded	True	2687
2026-04-27	503c3921c8ccda34862f955357c7bb8059c5e88c	2026-04-27T15:33:59-07:00	114883f530bb932f48749ffd61904067cca3bba5	downloaded	True	2687
2026-04-29	3f5c58925571381af50996b54ca87bf53ebd3180	2026-04-29T19:21:57+00:00	bbe13442d6398fea60659f2fc9a18ac62a929875	downloaded	True	2691
2026-05-01	04e96a9bdc6861dfaac9f3074e0fec3dfaa6eff5	2026-05-01T15:54:10-07:00	c38c14a1f759156e96d8c1f0a4bee68f0185165c	downloaded	True	2702
2026-05-02	a30bcc9a41ef5108a1a8946ad5c5322863d1ffa2	2026-05-02T05:55:51+00:00	76dcfc55c102ae6204b846180fc0c579b00491f6	downloaded	True	2702
2026-05-03	108b87fb246ff5da4d216b9fd2b862c3378590f8	2026-05-03T10:03:53-07:00	7946e2dceef86657c547358861a7ceafe05909b4	downloaded	True	2702
2026-05-04	98ced0ae4371b47d6f70527be7054c18df755266	2026-05-04T18:58:22+00:00	9c085c2c9929f5a3e926d0bdbb9c42dc16655207	downloaded	True	2702
2026-05-06	924c1418437ed8c330811bef4c817bfdfd8b249b	2026-05-06T15:15:21-07:00	a8630eb0f32b28ffc9d4090d5936712a703b46e1	downloaded	True	2703
2026-05-07	fee5900acc98b4034b1f3d02581d9a05401b9007	2026-05-07T09:06:56-07:00	92e87c00ef644e26c9030a40bedd9c141f343c90	downloaded	True	2705
2026-05-08	f2e97380d2deeeb8ab4b465f6cf5ee91d94233a9	2026-05-08T16:25:45-07:00	e66ad8e0cf6a4bf17142de8561dcd404f4f918b0	downloaded	True	2706
2026-05-11	480142533658915ea7eb56bb1af0ee0fcb3d385a	2026-05-11T17:49:53+02:00	70b065aa9181d8c4bf83a9f13769bf2c0ee206db	downloaded	True	2707
2026-05-13	a74e269f7d180b9c31185ed83894ef4840249ba3	2026-05-13T19:05:53+00:00	e62f8686e9d5b679da1a0c7b2d3a03fdb529644e	downloaded	True	2707
2026-05-14	baa68ebb120187cbcc342d7641f2e0bdd4c31772	2026-05-13T17:42:05-07:00	269e7daecc145e31bd0e4ca0ac747b403b4c120a	downloaded	True	2707
2026-05-15	f9ba70d35712dd0fa835837b9c5a76a677e475f3	2026-05-15T13:31:59-07:00	3eabb82093b71a7d01b27a1a50154abf8d9c0a5e	downloaded	True	2708
2026-05-16	1b9acecbb3ac0f4e83cdfbac78702aac2c7df07c	2026-05-16T15:08:10-07:00	94f0f1e78d328a0272a70ab456b695e051860017	downloaded	True	2716
2026-05-19	3c3d131f017af22e09a1b32d033238a3933085dc	2026-05-19T15:50:54-07:00	e7a03bb0984c5e27f8237fea5a52c13e2f0dfe15	downloaded	True	2719
2026-05-20	99a63d5180f7094250ed1d578d0a91c6dca92cdd	2026-05-20T10:03:14-07:00	27d6a59740f45c13dc69b3d47c18657d65f19529	downloaded	True	2723
2026-05-21	2c4fed10351660bce488fafa8a4ed017ef0fd0cd	2026-05-21T21:24:12+02:00	6ff71018f185fb4a58cc5e04503b60efbef3b730	downloaded	True	2744
2026-05-22	e9f0eddbd1d8f0e4053aaf822ff023e5711563b1	2026-05-22T10:04:23-07:00	2140493ec4a002dc7b2c6e0689d6c3101c3392b3	downloaded	True	2730
2026-05-23	203b529c9d74f586bbedbaf7978d4d55da074655	2026-05-23T12:16:01-07:00	62553e46ac1aed47ab52b4b67f6dc69bfa181377	downloaded	True	2738
2026-05-26	c23b19f09c5565abd3607eab540e7697a7fe6b2e	2026-05-25T20:36:14-07:00	6e1c79c4e3989dc31064d889326ccc06f951467e	downloaded	True	2738
2026-05-28	95015de73396fec3b24ac0da526c11ecf9a3165e	2026-05-28T09:14:57-07:00	0689066e1730cfa4808c5ea46ee2841d0053a18a	downloaded	True	2738
2026-05-29	bae04591b2861eedb26c55ea007d11f9f49deaa7	2026-05-28T18:50:33-07:00	80c2f32dc70719f15dfc238459a0af737fb8186f	downloaded	True	2747
2026-06-01	f7c029d4a0e3010fcc69937c551772900ec52b8a	2026-06-01T12:36:45-07:00	510eb4290fdba23326473640f8d43286c9b4e4c3	downloaded	True	2748
2026-06-02	b84f7f82f7313c25435d4af45618473f3361ef65	2026-06-02T08:48:10-07:00	b253235ec2a0340aab41e6553f522890392290e9	downloaded	True	2751
2026-06-03	c7ab9adde5634932a42c0a3639bfe6067934ecfb	2026-06-03T11:01:51-07:00	ed6de4fa6b7f58451e67ddc48da701fa79340749	downloaded	True	2754
2026-06-04	cb041966bf3502c56221ea2605e0b0373dce4cac	2026-06-04T11:07:20-07:00	4c227656e5fe6b3cc3c162836f1db19de823f9d4	downloaded	True	2769
2026-06-05	d671a09c204ac26d4678b0a0c48714d3d2b921bb	2026-06-05T13:51:51-07:00	2a39a0997139112c98a6f6be1a64a1a5b081194a	downloaded	True	2773
2026-06-06	51769a8ede120b4bf9038bb06b77c812e81283db	2026-06-06T11:16:44-07:00	b2836a096b716bb4639085c27588cda52befc23b	downloaded	True	2775
2026-06-08	1c881eee5da8467ca2d07ea5caedf8bdf5b69069	2026-06-08T15:54:19-07:00	c1c05b982f6315096875f69e0f67ff54ce015d7a	downloaded	True	2775
2026-06-09	424db6a9807d6e830492825598332f9bb7f234c6	2026-06-08T18:27:04-07:00	b0ffc66d03bc73950b00d996728f8005c693adb4	downloaded	True	2778
2026-06-10	3b40ac987fb4fe08061b67dda91b286dc41bee28	2026-06-10T10:34:07-07:00	f0b2432ddc86268d69c8474b030bf77a175ed376	downloaded	True	2796
2026-06-12	9da1ccd12f8a8983d85a44f308862f504882c373	2026-06-12T20:05:32+03:00	1a450b4788b2642220b85e0694497f164dc037bf	downloaded	True	2802
2026-06-16	6eb8eb901fb786b2da612b77903d080da6e184ba	2026-06-16T22:20:51+03:00	4bc74141c5dc8e1137a605b3feb578555ec441d6	downloaded	True	2836
2026-06-17	1ccc1e5b23bfb65aeb935b95caf44e5a0bbd62dc	2026-06-16T18:23:13-07:00	d6ab0e1065754c871a2e7fd3feb014fc500e95a7	downloaded	True	2842
2026-06-18	4c25b7a13d50462103af64daadf696410393e1b4	2026-06-18T13:55:35-07:00	47b7190185efe6395ee042b5e8092ad1195becfb	downloaded	True	2874
2026-06-20	8599009b28f6817d9f32a301c0624d50d61e8de4	2026-06-20T19:42:32+03:00	84ff253d478e4de3aae783e61a7f0d2858874cca	downloaded	True	2875
2026-06-21	9f97111edd736cf81e532f345663885457b916a9	2026-06-20T19:49:07-07:00	3c50dde927726ce21b51eb77c899c67cf430cb7b	downloaded	True	2874
2026-06-23	286169d39b0227c1faab09b9e7728d90003fc96f	2026-06-23T15:57:26-07:00	3e844a8e3ed2a38c18e1ed48bf5b0e0ccea47825	downloaded	True	2900
2026-06-24	5b969a3e5d55ed7f2e034702139912ea632d41d5	2026-06-24T14:57:30+03:00	d8e001e475349e19f955bc3f855941bfeb94413d	downloaded	True	2901
2026-06-25	e0e920d80e47d0a0a3d38b09436e4c025dab5b18	2026-06-25T16:42:37-07:00	9867874cb6587b49e41bcfa84acf8f28ae332d03	downloaded	True	2908
2026-06-26	5a1c7839be05e84aa57d463b71478141387a0f0a	2026-06-26T10:29:07-07:00	d5af73914397f288506e405efeaaea32cc238dc3	downloaded	True	2917
2026-06-27	ef3dcf91a2e57cfbbc760eb652a6a6061ffd099f	2026-06-27T16:29:52-07:00	452033faf2cf830293c2d3d1216e3a72fd974422	downloaded	True	2917
2026-06-28	b76a85882637a65b3e6e7ba5ac28a821de353bf5	2026-06-27T21:01:19-07:00	73cefeb7c77331d4909c1cf70b8cbdf08ee0ec4f	downloaded	True	2918
2026-06-30	6d43c21ec641baee73e486ec3f9b72c1c36a850d	2026-06-30T19:19:48+00:00	3e4c5b947a1f01056b77212baf9ebc118c7a8a34	downloaded	True	2928
2026-07-01	7e993446d8c4abd7b3ad2c289529f279ce0db863	2026-07-01T15:44:30-07:00	6ab6f1bda468089692edbcd8d11696eb977ac7db	downloaded	True	2929
2026-07-02	1543725916877e02104e6197189d08d36f8dd23e	2026-07-02T16:30:06-07:00	e85d5eeef4b9975e9fc4e0daf505f957180cdd45	downloaded	True	2929
2026-07-03	8bb4e624126bd02dbc5190cdc40e520ba93502c9	2026-07-02T18:31:59-07:00	a3dcdaed3f70c50251dc8dd826a15e961a05ec06	downloaded	True	2931
2026-07-06	5cb0721f641b92e0ee2fa0483f76978ec1728d5e	2026-07-06T19:32:17-04:00	aa439f4d8c2493327e6282a5dc5e0d0508d0b775	downloaded	True	2939
2026-07-07	2d75d24c3436bb165f4fb29c5c7d2a1235f9b5ff	2026-07-07T19:30:00+00:00	0fa388b59fd91103e1f861f914de69934602150f	downloaded	True	2941
2026-07-08	7a731388774e8531be8c200b40f5c96124c69103	2026-07-08T10:13:29+03:00	c7295fc7895a7c694febc5fedf76d1835d6c9c1c	downloaded	True	2943
2026-07-09	a874de6ac60a4c4cc940576adaf181bc4ae8494a	2026-07-09T11:51:12-07:00	d6e4a265da08f765a42ee48fd412422fa0d051c1	downloaded	True	2948
2026-07-10	fd862bb2b8bed8cf9cfd6890b759a078f5492150	2026-07-10T22:04:02+00:00	d8d90e5b052ac28fa768bf0a04bbd425abf75574	downloaded	True	2961
2026-07-11	6fa088224bc2022c7541ee44cf02c0bd6dd2942e	2026-07-11T10:42:47-07:00	94d9f6496bde106bd8c0ccbd876a346b9c0e20ed	downloaded	True	2962
2026-07-12	8447cd3ad39817bee0cdf0b3272ff8d2a36f88a8	2026-07-11T22:50:33-07:00	08a452be844b5748cd617e5c66e78dd103c9a39b	downloaded	True	2962
2026-07-14	8c776605d8c5243c28f852be8f2a481ee025482d	2026-07-14T16:58:04-07:00	df6e8c992ef12038bfcf4cca9f5ca336597aad7f	downloaded	True	2964
2026-07-15	f1f33f560f7a39e86f7a2e5b26b9fa032f9dcaba	2026-07-15T13:06:30-07:00	e10dde793d162b631ea13f449cd343bc6e508a78	downloaded	True	2967
2026-07-16	ba1f8587994f99dfc2f42f6b348a201435801648	2026-07-16T08:27:11+00:00	9ee836e2f8eb910867973e58f6efc4207d886fdb	downloaded	True	2968
2026-07-17	00e0dd1bc1fa8e682ab88e379ecacd3df8535cc3	2026-07-17T17:39:19+00:00	b1a87c444c899432ba294157cc24422289555498	downloaded	True	2967
2026-07-18	d9661222492a098555f40cb8b50014054bea5ab8	2026-07-17T17:57:36-07:00	5cf99ba8bac7955561ce23ffd87d3ee1b4dc8a6a	downloaded	True	2967
2026-07-20	23b5b7d1997254f007f4e9cac69b9e8169a9c768	2026-07-20T16:48:29-07:00	cb05edada98956d841cefa0762190688a8bd3401	downloaded	True	2967
2026-07-21	e411d637b350c5403ed55627e8d38a6fbf963c2c	2026-07-21T08:50:40-07:00	c9d871fc41d5ae95746c83e26718db24cc4660b1	downloaded	True	2973
2026-07-22	d4e26575046e9877e2e32a6e4d61a39628dae338	2026-07-22T06:34:38+00:00	fdbdde1705d00e1609951226c1cc0df3af79b7dc	downloaded	True	2974
2026-07-24	593b12dc566ed0bf69f0cc70f59b50c4e6521b29	2026-07-24T21:53:12+00:00	ebe99a77d8b43bcf6ad11e69456b4a144f806a51	downloaded	True	2983
2026-07-25	7075919584399edf431f23c572c8cfad4b45b549	2026-07-25T10:32:08-07:00	af69d58f00a74cda1f2a1b81e80cd7ac4fde9e80	downloaded	True	2983
2026-07-26	b439a9a78864f52fba3d18d9bf8b09253e7181d7	2026-07-25T18:32:28-07:00	db28118d52bef4842af044b7033998b6e825954a	downloaded	True	2983
2026-07-27	7f48431e22b4664d5fa0035779393e4242c3dc8e	2026-07-27T17:21:58+10:00	8464aec769fd790fd8920ceee0fd211afb769fb0	downloaded	True	2988
2026-07-29	551e5d097c11f08fd2400a25a651b1844fcf89c2	2026-07-29T14:22:22-07:00	0edd3bd5f30ce8b46808c0cb28275e6cbab13ef9	downloaded	True	2985
2026-07-30	3e4669dbc5d31a261e65af8e021d2ad12a2d15c4	2026-07-30T23:03:19+00:00	35bf17675cb4c578372d1c2f3bd7bcb3cc22918c	downloaded	True	2967
2026-07-31	bf1a8fe40329eb018ef420057766ce95a43baaa3	2026-07-30T21:46:46-07:00	346f613ea3e7851e30396869f28ded5ca488307f	downloaded	True	2985
2026-08-01	4d43080a74e7e9d5ed61e616e2a5f08bb9da7301	2026-08-01T12:34:25-07:00	f07f245433d8904970da371ba7dacf90a4a9e19d	downloaded	True	2985
2026-08-02	deaade232d352379e4cca16f93417524b37efd42	2026-08-02T00:57:44+00:00	5e5e741705a4b8a43104eceb824fe9d289c9ac05	downloaded	True	2987
2026-08-04	8445cf158bd7a7ecbf7e4d8301a64278fadae56a	2026-08-04T14:08:59-07:00	4cfc4206f85184c476bf4364382bcfe141ae42aa	downloaded	True	2987
2026-08-05	e6e18d406a9a4e138f45ec6b9056d320e838d608	2026-08-05T16:37:44-07:00	8ef0116416d18154496ff9832f6cfbd0fabdf1a5	downloaded	True	2987
2026-08-06	b45b4b73004261b47369d7d12c97d58b137a732e	2026-08-05T21:09:37-07:00	8982b4f2565f2dc716b58b85f9c8e9385eb861c0	downloaded	True	2987
2026-08-07	1e24f93d3944f748f3ffae78048c4d6f63c07142	2026-08-07T11:26:05+10:00	876ee7b4e6590e45b9dfad9c530c72ed166a6f39	downloaded	True	2989
2026-08-09	07f14617f6a8adbaff5af77f4710562ddeb085cc	2026-08-09T01:32:21+00:00	8cddff661ab378ef85367d6bf72270ed64cde68e	downloaded	True	2988
2026-08-10	9de3315dad89e44aa7250e5a0a5af576be3ca30e	2026-08-10T11:26:41-07:00	951c114b0a9d9680b670d1781e4e2402611902d2	downloaded	True	3002
2026-08-11	40cd9695ad8a8b8718045e6bbe5a7cddefadfb44	2026-08-11T14:45:40-07:00	81e61a14ad04e01e9298114d0485c074869cc8b1	downloaded	True	3002
2026-08-12	e52ae039f2e3ffc3874c1fa2052fa4de501c3b85	2026-08-12T21:48:02+00:00	00ba060e1e50963fc684e64c792d2919be0583c9	downloaded	True	3011
2026-08-13	cbcc3715c615cc75f5473b3af3c6bda334af2db8	2026-08-13T21:54:41+00:00	1eb72c887b563e7231db0e6a7b099ce981bf8980	downloaded	True	3022
2026-08-14	4cd1c81a2dcd905112a7bc388afb5ed1412b8aa7	2026-08-14T14:53:11-05:00	4c1b46f85abef8fd6492af02c2a5a98e262b3173	downloaded	True	3037
2026-08-15	0059b497f44d8ad2ab8dae5e17fbd8df0cfcdb11	2026-08-15T11:51:35-07:00	e6c6cab063151feef19d92c4f96a963883b4d330	downloaded	True	3039
2026-08-16	539a61be080b9ed8100ef00fca77f5b6175d8853	2026-08-16T14:45:22-04:00	b786a84ada71dd7ae6ccdfe0056cdde414780927	downloaded	True	3043
2026-08-17	94a29e07085dd9d8f2269ee93e899ef0e374cdc7	2026-08-17T18:42:57+00:00	78b53cefc53d7328ecb8b676fc31db683b2297fe	downloaded	True	3039
2026-08-18	f570af9fcf89f3c54897fe61ad18e0471436cca8	2026-08-18T16:55:02-07:00	e1e89cab7cf82fbd98082cb6b87c0478db43505f	downloaded	True	3054
2026-08-19	634e699555ba0a5d629517764ceca642d962bb53	2026-08-19T15:59:17-07:00	1c8c267430dd1b65d20375b8122f76f1f3d72316	downloaded	True	3055
2026-08-20	5c9ed89301fd7bf04c233e63ca0014c637361a29	2026-08-20T16:20:40-07:00	0ba60cee39959f3de135b52a938fa2cda0367766	downloaded	True	3100
2026-08-21	277ed8870a2f2cfba4406e14b4d0f5f5307c0f3e	2026-08-21T14:44:28-07:00	7861a0a922e0fcbaa5be447e0b4c121302a2d318	downloaded	True	3165
2026-08-22	0a869b72268685b27d5a0be4742221dc8f24d6db	2026-08-22T16:42:52-07:00	8c8b909493a1d6e0079c29319833da43b7885ab3	downloaded	True	3180
2026-08-23	8a5aeed2961a1c960ac10dbe1b46a73d72665956	2026-08-23T22:08:26+00:00	40b3ddae11fa02adc658ca4721a56d861faead65	downloaded	True	3175
2026-08-24	d0da90ee6da0d37ab19836d111a94781c6f48b2c	2026-08-24T12:35:59-07:00	c36018feb9d741e655945c185f7d19d7b4dbb0ab	downloaded	True	3188
2026-08-25	6fafb46731cd94881e715c685d983c7b817fdf61	2026-08-25T16:45:50-07:00	528f428c802a8a3580e5cdbac640d399eaf472d6	downloaded	True	3212
2026-08-26	1e1c23107685efaa2a899274d02c2cc9d1014196	2026-08-26T16:52:09-07:00	7e3e1005bc0e4beca1b664c5ae327b7f583fac32	downloaded	True	3214
2026-08-27	30ff3723b2cc59b16c00644891ac309a06d6da11	2026-08-27T15:38:01-07:00	77572f69b8be5992c599b80d153b4a027b44d2cc	downloaded	True	3363
2026-08-28	27c09248e4af0b4649ea909acf5cb0d3b2d06192	2026-08-28T15:20:41-07:00	bebbcc32181431411e20ba3cbacfc082402f5e8e	downloaded	True	3383
2026-08-29	42d8360f297db9057c205ea0281f15a7c2e4f67e	2026-08-29T16:44:56-07:00	05c1cfd31791971dc303165a7da116f3cb7f1ae3	downloaded	True	3407
2026-08-30	2157d04f8eae592ffcb3edcb7c4ec8b5eef00b95	2026-08-30T14:51:42+09:00	5c32759f41c361525050687c7f9b8d5da1feb38c	downloaded	True	3414
2026-08-31	7a02e4163faedcb5736495e4a17e8021c0c0ee4a	2026-08-31T15:47:27-07:00	718e6c489fd69b87d06bba1df13ba2d83ea25790	downloaded	True	3412
2026-09-01	d568bbe58d5d94929661af951270150a46560df2	2026-09-01T20:19:46+00:00	55618d9f772ee4a83b931ecb75caec69d6674e5f	downloaded	True	3517
2026-09-02	c6b48af0d73dba532cbaea771d67c5b7b31a4794	2026-09-02T16:38:16-07:00	01d600f4b8629b4f5965996d010ebd1f2bacc43a	downloaded	True	3560
2026-09-03	f29266760109252966e9b1739ceb6a9b97bac523	2026-09-03T21:41:12+00:00	7f01d2322ffc1165b119abbbf5de873779af323e	downloaded	True	3655
2026-09-04	3202963f25482bb3a2fe312f93f1f12291f7d60e	2026-09-04T16:57:40-07:00	d8b7287eba7bbaf9dc369a21fcc5f853d7982655	downloaded	True	3815
2026-09-05	1975a54b0418d37f89aba149730e7b6b94729629	2026-09-05T16:49:00-07:00	1ce5d08ccbc39478ad8da42b07f8101f7256ac19	downloaded	True	3815
2026-09-06	5825cc7593700be5ac49524cecf7c3275e678633	2026-09-06T03:24:55-07:00	32563c32aa1d0ec0f26549f7c272cc54260d316b	downloaded	True	3849
2026-09-07	9eaf15bcf914ee7cd26d7096b3962dbc7acff957	2026-09-07T15:14:13-07:00	b1ffc1583e46583bb4becd34cf85ec70c6930828	downloaded	True	3849
2026-09-08	d497434680186367ce42795ae1fca314503cd2aa	2026-09-08T19:28:04+00:00	a540df1c7d1b0d636ce37d0e54c24d95fcfab8f6	downloaded	True	3865
2026-09-09	fbc6fb56ae2d8d8e600b0e80f7a46067b796d47f	2026-09-09T16:06:19-07:00	0d2eda93323c3629402b65c73c096ecf840db93f	downloaded	True	3885
2026-09-10	033f2e5e2a651fed59faf6478fb18314e487738b	2026-09-10T16:40:07-07:00	b7726290f0ef2f74e5610bf83a327f88437c1beb	downloaded	True	3888
2026-09-11	71f45683d73d741db4e8c0801045b75296ee7b54	2026-09-11T13:46:28-07:00	aadd9bd3028c185f9d0239bb11107727f554fecd	downloaded	True	3913
2026-09-12	d565031b9c745a0527606b91c9ad1a88ad439263	2026-09-12T16:27:16-07:00	46a2593c1a16d3d42e7f298fb5c9e847eed16a7f	downloaded	True	3916
2026-09-13	b1a61f510c90ce7e4533e89247c941fa201ada4f	2026-09-12T21:13:52-07:00	2220d0e1fe5f46f2a76be1085106d3758f5659a2	downloaded	True	3922
